Date,Open,High,Low,Close,Adj Close,Volume,Suggestion
03/01/2017,78.760002,79.910004,78.489998,79.5,76.697723,13785200,Sell
04/01/2017,79.440002,80.260002,79.360001,80.150002,77.324791,8033100,Sell
05/01/2017,80.339996,81.529999,80.220001,81.089996,78.231674,7805100,Sell
06/01/2017,81.300003,82.489998,80.940002,82.209999,79.312195,8898300,Sell
09/01/2017,82.279999,82.449997,81.650002,81.75,78.868416,7305300,Buy
10/01/2017,81.699997,81.900002,81.129997,81.309998,78.443932,6017500,Buy
11/01/2017,81.25,81.800003,80.910004,81.800003,78.916664,7499200,Sell
12/01/2017,81.050003,81.470001,80.510002,81.370003,78.501816,6884000,Sell
13/01/2017,81.019997,81.849998,80.790001,81.169998,78.308853,7291200,Sell
17/01/2017,80.760002,81.489998,80.760002,81.260002,78.395691,6326500,Sell
18/01/2017,81.269997,81.830002,80.980003,81.589996,78.71405,8512300,Sell
19/01/2017,81.790001,81.849998,81.410004,81.730003,78.849129,6479400,Buy
20/01/2017,82.089996,82.279999,81.610001,81.839996,78.955246,9048500,Buy
23/01/2017,81.699997,82.300003,81.5,82.150002,79.254326,7414200,Sell
24/01/2017,82.400002,83.489998,81.849998,83.230003,80.296249,8397500,Sell
25/01/2017,83.790001,84.269997,83.449997,83.900002,80.942612,9360900,Sell
26/01/2017,83.919998,83.919998,83.080002,83.239998,80.305893,8428200,Buy
27/01/2017,83.32,83.800003,82.919998,83.769997,80.817192,5445900,Sell
30/01/2017,83.470001,83.739998,82.660004,83.699997,80.74968,8792800,Sell
31/01/2017,82.129997,83.279999,82.099998,82.709999,79.794579,7479400,Sell
01/02/2017,82.900002,83.089996,82.050003,82.440002,79.534088,7534400,Buy
02/02/2017,82.139999,82.699997,81.57,82.300003,79.399025,11142300,Sell
03/02/2017,85.739998,86.82,85.110001,86.080002,83.045792,28079600,Sell
06/02/2017,86.07,86.099998,85.510002,85.830002,82.804588,9665300,Buy
07/02/2017,85.959999,86.349998,85.669998,85.779999,82.756348,8600300,Buy
08/02/2017,85.800003,85.839996,85.080002,85.089996,82.090698,7587700,Buy
09/02/2017,85.370003,85.769997,84.879997,85.580002,82.563393,6554700,Sell
10/02/2017,85.800003,86.139999,85.230003,85.900002,82.872131,10432000,Sell
13/02/2017,86.199997,86.699997,86,86.440002,83.393089,6046300,Sell
14/02/2017,86.519997,86.970001,86.260002,86.849998,83.788628,5952000,Sell
15/02/2017,87.019997,87.540001,86.699997,87.540001,84.615074,8049700,Sell
16/02/2017,87.550003,87.68,86.790001,87.410004,84.489418,8680600,Buy
17/02/2017,87.269997,87.68,86.980003,87.459999,84.537735,5887200,Sell
21/02/2017,87.510002,88.040001,87.169998,87.919998,84.982384,9301300,Sell
22/02/2017,87.610001,88.150002,87.510002,87.800003,84.866409,8389900,Sell
23/02/2017,88.230003,88.489998,87.870003,88.18,85.233696,6040500,Buy
24/02/2017,87.360001,88.43,87.300003,88.43,85.475349,5151300,Sell
27/02/2017,88.32,88.379997,87.910004,88,85.059708,6131600,Buy
28/02/2017,88.160004,88.379997,87.760002,87.940002,85.001724,8521900,Buy
01/03/2017,88.739998,89.139999,88.419998,88.989998,86.01664,11131400,Sell
02/03/2017,89,89.129997,88.099998,88.529999,85.571991,10544200,Buy
03/03/2017,88.309998,88.910004,88.18,88.790001,85.823334,5700600,Sell
06/03/2017,88.529999,89.269997,88.269997,88.940002,85.9683,7347600,Sell
07/03/2017,88.989998,89.300003,88.849998,89.059998,86.08429,5688400,Sell
08/03/2017,89.169998,89.300003,88.870003,88.959999,85.987625,5866800,Buy
09/03/2017,89.019997,89.5,88.709999,89.110001,86.132614,5953900,Sell
10/03/2017,89.5,89.860001,89.099998,89.730003,86.731903,12246700,Sell
13/03/2017,89.800003,90.309998,89.610001,90.110001,87.099205,8944100,Sell
14/03/2017,89.93,90.029999,89.239998,89.550003,86.557922,6009400,Buy
15/03/2017,89.75,90.099998,89.410004,89.919998,86.91555,6350700,Sell
16/03/2017,90.309998,90.330002,89.470001,90.040001,87.031555,9174400,Buy
17/03/2017,90.25,90.629997,90.169998,90.239998,87.224846,8613400,Buy
20/03/2017,90.290001,92.050003,88.970001,89.18,86.200279,9438000,Buy
21/03/2017,89.489998,89.709999,88,88.059998,85.117699,11092100,Buy
22/03/2017,87.849998,89.040001,87.849998,88.519997,85.562325,7828600,Sell
23/03/2017,88.470001,89.389999,88.419998,88.860001,85.890976,7710700,Sell
24/03/2017,89.059998,89.610001,88.970001,89.190002,86.209938,7597600,Sell
27/03/2017,88.309998,88.989998,88.07,88.949997,85.977959,5230000,Sell
28/03/2017,89.120003,89.419998,88.489998,89.120003,86.142281,7045500,Sell
29/03/2017,88.989998,89.389999,88.559998,89.18,86.200279,4738000,Sell
30/03/2017,89.080002,89.099998,88.599998,89.010002,86.035957,6227100,Buy
31/03/2017,88.980003,89.349998,88.870003,88.870003,85.90062,6429800,Buy
03/04/2017,89.139999,89.459999,88.400002,89.360001,86.374252,9125800,Sell
04/04/2017,89.010002,89.330002,88.660004,88.779999,85.813644,4859900,Buy
05/04/2017,89.129997,90.199997,88.949997,89.029999,86.05529,7251600,Buy
06/04/2017,89,89.260002,88.779999,89.089996,86.113274,8473900,Sell
07/04/2017,88.970001,89.239998,88.519997,88.739998,85.774979,5439500,Buy
10/04/2017,88.620003,89.25,88.519997,88.860001,85.890976,5999400,Sell
11/04/2017,88.599998,88.849998,88.129997,88.849998,85.881325,7058500,Sell
12/04/2017,88.699997,89.209999,88.559998,88.68,85.716957,5912500,Buy
13/04/2017,88.470001,89.779999,88.43,88.870003,85.90062,7242700,Sell
17/04/2017,89.089996,89.900002,88.75,89.809998,86.809227,6122800,Sell
18/04/2017,89.639999,89.919998,89.239998,89.730003,86.731903,6823500,Sell
19/04/2017,90.089996,90.620003,89.599998,89.75,86.751236,7301300,Buy
20/04/2017,90.139999,91.5,89.900002,91.150002,88.104446,12178300,Sell
21/04/2017,92.769997,92.800003,91.019997,91.150002,88.104446,19442600,Buy
24/04/2017,92.150002,92.5,91.010002,91.849998,88.781075,11705400,Buy
25/04/2017,91.989998,92.349998,91.580002,92.110001,89.032379,7769200,Sell
26/04/2017,92.019997,92.480003,91.75,91.82,88.752075,11295200,Buy
27/04/2017,91.949997,92,91.279999,91.599998,88.539429,5856800,Buy
28/04/2017,91.389999,91.550003,90.980003,91.220001,88.172112,6888500,Buy
01/05/2017,91.290001,91.669998,91.139999,91.260002,88.210777,9042100,Buy
02/05/2017,91.620003,92.75,91.529999,92.540001,89.448021,11627700,Sell
03/05/2017,92.400002,92.550003,91.980003,92.440002,89.351357,4909000,Sell
04/05/2017,92.699997,92.849998,92.25,92.620003,89.525337,5257000,Buy
05/05/2017,92.900002,92.980003,91.760002,92.089996,89.013039,8844500,Buy
08/05/2017,92.050003,92.160004,91.519997,91.919998,88.848747,5223600,Buy
09/05/2017,91.900002,92.139999,91.830002,92,88.926041,3969500,Sell
10/05/2017,91.699997,92.410004,91.68,92.25,89.167679,6747600,Sell
11/05/2017,92.120003,92.309998,91.620003,92.099998,89.02272,7052200,Buy
12/05/2017,92.190002,92.779999,91.980003,92.730003,89.631653,5898800,Sell
15/05/2017,92.730003,93.419998,92.720001,93.230003,90.114983,7040100,Sell
16/05/2017,93.349998,93.720001,92.970001,93.150002,90.037628,5497400,Buy
17/05/2017,92.480003,92.760002,91.709999,91.760002,88.851463,8240200,Buy
18/05/2017,91.360001,92.480003,91.360001,91.709999,88.80304,8239800,Sell
19/05/2017,91.980003,92.809998,91.709999,92.480003,89.548637,9361300,Sell
22/05/2017,92.529999,93.599998,92.43,93.309998,90.352318,9186200,Sell
23/05/2017,93.559998,94.07,93.470001,93.860001,90.884895,7616100,Sell
24/05/2017,94.019997,94.989998,94.019997,94.809998,91.804764,6825300,Sell
25/05/2017,95.089996,95.379997,94.889999,95.040001,92.027481,7262400,Buy
26/05/2017,95,95.120003,94.389999,94.669998,91.669228,4133900,Buy
30/05/2017,94.660004,94.879997,94.339996,94.720001,91.717636,6292700,Sell
31/05/2017,95.080002,95.529999,94.459999,95.230003,92.211456,9866000,Sell
01/06/2017,95.400002,95.449997,94.610001,95.400002,92.376083,8911900,Sell
02/06/2017,95.410004,96.190002,95.410004,96.150002,93.102333,8570200,Sell
05/06/2017,96.32,96.589996,96.110001,96.550003,93.489616,14510500,Sell
06/06/2017,96.269997,96.599998,95.559998,95.790001,92.753723,7030300,Buy
07/06/2017,96.029999,96.220001,95.760002,96.089996,93.044205,6720300,Sell
08/06/2017,95.870003,96.120003,95.290001,96.089996,93.044205,7720300,Sell
09/06/2017,96.089996,96.25,93.709999,94.559998,91.562706,16887100,Buy
12/06/2017,93.690002,94.040001,92.800003,93.5,90.536285,15610000,Buy
13/06/2017,94,95.339996,93.970001,95.080002,92.066238,8700100,Sell
14/06/2017,95.32,96,94.949997,95.32,92.298622,6347000,Sell
15/06/2017,94.440002,94.529999,93.529999,94.169998,91.185081,12793900,Buy
16/06/2017,94.309998,94.440002,93.739998,94.169998,91.185081,14705100,Buy
19/06/2017,94.75,94.849998,94.25,94.790001,91.785431,5984300,Sell
20/06/2017,94.790001,94.959999,94.330002,94.379997,91.388412,5626700,Buy
21/06/2017,94.610001,94.769997,94.07,94.540001,91.543343,5611400,Buy
22/06/2017,94.489998,94.510002,93.870003,93.949997,90.972038,5846500,Buy
23/06/2017,94.160004,95.650002,93.889999,95.580002,92.550362,11637300,Sell
26/06/2017,95.800003,96.269997,95.099998,95.220001,92.201775,6970800,Buy
27/06/2017,95.150002,95.339996,94.629997,94.900002,91.89193,6283600,Buy
28/06/2017,95.150002,96.400002,94.660004,96.230003,93.179779,5571300,Sell
29/06/2017,95.790001,95.790001,94.010002,94.419998,91.427162,8872500,Buy
30/06/2017,94.379997,94.620003,93.779999,93.779999,90.807419,9036600,Buy
03/07/2017,94.379997,94.410004,93.349998,93.349998,90.391052,6197700,Buy
05/07/2017,93.75,94.400002,93.720001,94.010002,91.030144,9339600,Sell
06/07/2017,93.449997,93.970001,93.190002,93.25,90.29422,8215700,Buy
07/07/2017,93.5,94.410004,93.5,93.919998,90.943001,6175800,Sell
10/07/2017,94.150002,95.370003,94.150002,95.089996,92.075912,8851800,Sell
11/07/2017,95.080002,95.629997,94.93,95.410004,92.385773,5554100,Sell
12/07/2017,95.980003,96.449997,95.629997,96.18,93.131363,5974800,Sell
13/07/2017,96.419998,96.650002,95.769997,95.940002,92.898972,6721700,Buy
14/07/2017,96.139999,97.370003,96.120003,96.93,93.857582,6195800,Sell
17/07/2017,97.110001,97.290001,96.589996,96.830002,93.760765,5914900,Buy
18/07/2017,96.849998,97.75,96.610001,97.580002,94.486977,7435000,Sell
19/07/2017,97.639999,98.330002,97.550003,98.25,95.135742,6390400,Sell
20/07/2017,99.110001,99.139999,97.93,98.110001,95.000191,8572900,Buy
21/07/2017,99.599998,100.489998,99.089996,99.599998,96.442947,17400200,Sell
24/07/2017,99.550003,100.419998,99.139999,100.370003,97.18853,9186000,Sell
25/07/2017,100.650002,100.849998,99.800003,99.989998,96.820595,6774900,Buy
26/07/2017,100.010002,100.989998,99.860001,100.849998,97.653343,7205400,Sell
27/07/2017,100.970001,101.18,98.550003,99.57,96.413925,10543900,Buy
28/07/2017,99.120003,99.589996,98.510002,99.150002,96.007217,6558800,Sell
31/07/2017,99.5,100,99.139999,99.559998,96.404213,7576600,Sell
01/08/2017,100.360001,101.07,99.959999,100.870003,97.672691,6018100,Sell
02/08/2017,101.029999,101.279999,100.239998,101.279999,98.069702,5955600,Sell
03/08/2017,100.940002,101.099998,100.330002,100.589996,97.401573,5697500,Buy
04/08/2017,100.959999,101.339996,100.610001,100.889999,97.69207,4618000,Buy
07/08/2017,100.919998,101.540001,100.589996,101.489998,98.273056,7047100,Sell
08/08/2017,101.5,101.720001,100.93,101.279999,98.069702,6283700,Buy
09/08/2017,100.760002,101.300003,100.599998,100.970001,97.769524,6902100,Sell
10/08/2017,100.540001,100.879997,99.43,99.489998,96.336456,8560800,Buy
11/08/2017,99.550003,100.300003,99.529999,100.089996,96.917419,5268200,Sell
14/08/2017,100.980003,102.110001,100.75,101.870003,98.640999,5657600,Sell
15/08/2017,102.360001,102.779999,101.970001,102.629997,99.3769,5386000,Sell
16/08/2017,102.760002,103.93,102.639999,103.32,100.206139,13408300,Sell
17/08/2017,103.330002,103.529999,102.160004,102.160004,99.0811,7381600,Buy
18/08/2017,102.080002,103.089996,101.940002,102.510002,99.420563,5670900,Sell
21/08/2017,102.620003,103.349998,102.330002,103.220001,100.109169,5395000,Sell
22/08/2017,103.440002,104.199997,103.139999,104.07,100.933548,5481000,Sell
23/08/2017,103.769997,103.970001,102.989998,103.18,100.070366,5057200,Buy
24/08/2017,103.32,103.5,102.639999,103.220001,100.109169,4082300,Buy
25/08/2017,103.650002,103.879997,103.160004,103.349998,100.235237,4467400,Buy
28/08/2017,103.650002,103.830002,103.260002,103.779999,100.65226,3919900,Sell
29/08/2017,102.919998,104.07,102.639999,103.769997,100.642578,7135300,Sell
30/08/2017,103.699997,104,103.519997,103.730003,100.603783,8712700,Sell
31/08/2017,104.059998,104.190002,103.029999,103.519997,100.400108,13766000,Buy
01/09/2017,104.040001,104.080002,103.440002,103.900002,100.768684,4466800,Buy
05/09/2017,103.400002,103.459999,102.260002,103.010002,99.905472,6337500,Buy
06/09/2017,103.339996,103.75,103.099998,103.18,100.070366,6372200,Buy
07/09/2017,103.709999,105.440002,103.610001,104.559998,101.40876,6508600,Sell
08/09/2017,104.330002,104.769997,104.059998,104.43,101.282684,5787200,Sell
11/09/2017,105.480003,106.150002,105.150002,106.150002,102.950851,6956000,Sell
12/09/2017,106.639999,106.639999,105.760002,106.209999,103.009056,5212400,Buy
13/09/2017,106.260002,106.260002,105.239998,105.830002,102.640503,6215700,Buy
14/09/2017,105.5,106.839996,105.5,106.080002,102.882965,8154000,Sell
15/09/2017,105.739998,106.139999,104.949997,105.300003,102.126472,12622900,Buy
18/09/2017,105.349998,105.519997,104.620003,104.830002,101.670631,7330300,Buy
19/09/2017,105.129997,105.93,104.830002,105.410004,102.233147,9754400,Sell
20/09/2017,105.5,105.769997,104.459999,104.970001,101.806427,8198600,Buy
21/09/2017,105,105.610001,104.650002,105.309998,102.136162,4777600,Sell
22/09/2017,105.209999,105.68,105.059998,105.559998,102.378639,4959400,Sell
25/09/2017,105.5,105.650002,102.75,103.019997,99.915192,9395300,Buy
26/09/2017,103.110001,104.019997,102.879997,102.940002,99.837578,6263600,Buy
27/09/2017,103.07,104.120003,102.900002,103.889999,100.75898,8337400,Sell
28/09/2017,103.75,104.980003,103.739998,104.580002,101.428162,5947800,Sell
29/09/2017,104.75,105.43,104.690002,105.239998,102.068268,7676300,Sell
02/10/2017,105.540001,105.989998,105.099998,105.440002,102.262245,4885600,Buy
03/10/2017,105.650002,105.900002,105.290001,105.589996,102.407722,4411100,Buy
04/10/2017,105.709999,105.739998,104.900002,105.309998,102.136162,4146800,Buy
05/10/2017,105.599998,106.25,105.150002,106.239998,103.038132,4396100,Sell
06/10/2017,106.290001,106.959999,105.870003,106.730003,103.513374,4587000,Sell
09/10/2017,106.599998,107.650002,106.540001,107.010002,103.784927,4787000,Sell
10/10/2017,107.580002,107.599998,106.82,107.309998,104.075905,4015600,Buy
11/10/2017,107.699997,108.589996,107.599998,108.440002,105.171837,6473100,Sell
12/10/2017,108.5,108.709999,107.900002,108.110001,104.851791,6496100,Buy
13/10/2017,108.5,109.260002,108.400002,108.660004,105.385208,5154600,Sell
16/10/2017,108.790001,109.050003,107.160004,108.300003,105.036057,5552200,Buy
17/10/2017,108.25,108.419998,107.300003,107.540001,104.29895,5979400,Buy
18/10/2017,107.620003,108,107.459999,107.800003,104.551117,4817300,Sell
19/10/2017,107.269997,107.779999,106.900002,107.019997,103.794624,10840200,Buy
20/10/2017,107.699997,107.699997,106.970001,107.550003,104.308655,7848900,Buy
23/10/2017,108.050003,108.230003,107.099998,107.529999,104.289261,6316700,Buy
24/10/2017,107.559998,108.639999,107.18,108.410004,105.142746,10511200,Sell
25/10/2017,109.410004,110.610001,108,109.489998,106.190178,13261300,Sell
26/10/2017,110.379997,110.739998,109.669998,109.800003,106.490852,7380100,Buy
27/10/2017,110.07,110.129997,108.690002,109.709999,106.403572,7862700,Buy
30/10/2017,109.669998,110.239998,108.919998,110.040001,106.72361,5148600,Sell
31/10/2017,110.580002,110.690002,108.660004,109.980003,106.665413,8002500,Buy
01/11/2017,110.5,111.400002,110.419998,111.07,107.722565,6167300,Sell
02/11/2017,111.019997,111.370003,110.199997,110.980003,107.635292,5506600,Buy
03/11/2017,110.940002,111.419998,110.510002,111.360001,108.003845,3757600,Sell
06/11/2017,111.360001,112.150002,111.199997,111.919998,108.546944,4094700,Sell
07/11/2017,112.25,112.470001,111.559998,112.089996,108.71183,3697900,Buy
08/11/2017,112.010002,112.910004,111.82,112.470001,109.080376,4417800,Sell
09/11/2017,111.800003,112.220001,110.93,112.139999,108.76033,4334700,Sell
10/11/2017,111.709999,111.980003,111.279999,111.879997,108.508148,4198900,Sell
13/11/2017,111.550003,111.860001,111.339996,111.400002,108.042618,7185600,Buy
14/11/2017,111.080002,112.040001,110.809998,111.980003,108.605148,5679600,Sell
15/11/2017,111.339996,111.870003,110.139999,110.25,106.927299,6895100,Buy
16/11/2017,110.75,111.440002,110.57,111.019997,107.864868,5655100,Sell
17/11/2017,110.690002,110.910004,109.699997,109.82,106.698982,8812400,Buy
20/11/2017,109.949997,110.68,109.690002,109.949997,106.825279,6873200,Sell
21/11/2017,110.449997,111.489998,110.300003,111.449997,108.282639,6456500,Sell
22/11/2017,111.5,111.660004,110.699997,110.82,107.67054,4067600,Buy
24/11/2017,111.309998,112.160004,111.139999,111.970001,108.787865,3045600,Sell
27/11/2017,112,112.540001,111.910004,112.379997,109.186211,6620500,Sell
28/11/2017,112.599998,113.620003,112.559998,113.360001,110.138374,6671300,Sell
29/11/2017,113.620003,113.620003,106.900002,109.860001,106.737839,14505400,Buy
30/11/2017,110.5,112.589996,110.029999,112.589996,109.390236,18533300,Sell
01/12/2017,112.379997,112.440002,109.760002,110.730003,107.583107,13101800,Buy
04/12/2017,111.330002,111.449997,106.970001,107.43,104.376892,18909100,Buy
05/12/2017,108.889999,109.239998,106.599998,108.580002,105.494194,12081500,Buy
06/12/2017,108.489998,110.169998,108.260002,109.739998,106.621239,7532100,Sell
07/12/2017,109.769997,111.410004,109.449997,111.400002,108.234047,7384900,Sell
08/12/2017,112.129997,112.610001,111.82,112.599998,109.399956,7594900,Sell
11/12/2017,112.5,113.349998,112.160004,112.370003,109.176514,7538600,Buy
12/12/2017,112.370003,113.730003,112,113.459999,110.235527,8754400,Sell
13/12/2017,113.75,114.370003,113.190002,113.309998,110.089783,8088900,Buy
14/12/2017,113.550003,114.089996,112.919998,112.919998,109.710869,9815600,Buy
15/12/2017,113.970001,114.199997,112.389999,113.82,110.585281,16388000,Buy
18/12/2017,114.690002,114.75,113.25,113.550003,110.322952,8961800,Buy
19/12/2017,113.279999,113.279999,112.080002,112.139999,108.953033,7899400,Buy
20/12/2017,112.720001,113.099998,111.989998,112.120003,108.933601,6201900,Buy
21/12/2017,112.599998,113.099998,112.32,112.410004,109.21537,8866400,Buy
22/12/2017,112.389999,113.110001,112.25,112.690002,109.487404,6190100,Sell
26/12/2017,112.07,113.440002,112.07,112.989998,109.77887,3948900,Sell
27/12/2017,112.690002,114.07,112.650002,114.019997,110.77961,7073100,Sell
28/12/2017,114.300003,114.919998,113.989998,114.349998,111.100227,6937100,Sell
29/12/2017,114.75,114.889999,114.019997,114.019997,110.77961,5249000,Buy
02/01/2018,114.57,115.080002,113.949997,114.510002,111.255684,6080900,Buy
03/01/2018,114.949997,115.790001,114.660004,115.650002,112.363274,6946100,Sell
04/01/2018,116.25,117.360001,116.029999,116.080002,112.781075,7805300,Buy
05/01/2018,116.989998,119,116.419998,118.860001,115.482063,8590500,Sell
08/01/2018,118.610001,120.480003,118.07,119.339996,115.94841,6660700,Sell
09/01/2018,119.970001,119.970001,118.660004,119.110001,115.724945,6562400,Buy
10/01/2018,118.690002,119.050003,117.459999,118.980003,115.598656,7490300,Sell
11/01/2018,118.800003,119.980003,118.68,119.839996,116.434189,5982100,Sell
12/01/2018,120.120003,120.349998,119.709999,120.089996,116.677094,5585800,Buy
16/01/2018,121.18,121.940002,119.910004,120.389999,116.968567,8803800,Buy
17/01/2018,121.199997,122.160004,120.730003,121.980003,118.513397,7991500,Sell
18/01/2018,122.519997,123.199997,122.029999,123.110001,119.611275,8661000,Sell
19/01/2018,123.050003,123.650002,121.919998,122.699997,119.212921,8250700,Buy
22/01/2018,122.870003,124.330002,122.400002,124.330002,120.796608,9355000,Sell
23/01/2018,124.599998,125.510002,124.209999,124.650002,121.107506,5683300,Sell
24/01/2018,125.050003,125.449997,123.709999,124.550003,121.010338,6425200,Buy
25/01/2018,125,125.470001,124.629997,125.220001,121.661301,7166400,Sell
26/01/2018,125.769997,126.379997,124.760002,126.32,122.730049,5604900,Sell
29/01/2018,126.739998,126.879997,124.690002,124.839996,121.292107,6257900,Buy
30/01/2018,123.82,124.290001,122.839996,123.550003,120.038765,8154400,Buy
31/01/2018,123.779999,124.480003,123.040001,124.230003,120.699432,7338200,Sell
01/02/2018,124.739998,126.260002,124.099998,125.720001,122.147087,11169700,Sell
02/02/2018,123.720001,123.720001,120.699997,120.910004,117.473785,13937700,Buy
05/02/2018,118.699997,121.129997,115.010002,116.269997,112.96566,16623900,Buy
06/02/2018,115.199997,120.300003,113.25,119.970001,116.560516,19053300,Sell
07/02/2018,120.089996,122.459999,119.209999,119.650002,116.249603,9294000,Buy
08/02/2018,119.529999,119.82,113.540001,113.860001,110.624168,12673400,Buy
09/02/2018,114.550003,117.209999,111.019997,116.32,113.014244,17695500,Sell
12/02/2018,117.790001,118.839996,116.879997,118.470001,115.103142,11526300,Sell
13/02/2018,117.849998,118.800003,117.129997,118.349998,114.986542,7803900,Sell
14/02/2018,117.620003,120.949997,117.5,120.830002,117.396057,9206400,Sell
15/02/2018,121.699997,122.309998,119.970001,122.279999,119.011688,6921300,Sell
16/02/2018,121.629997,122.989998,121.57,121.849998,118.593193,6371400,Sell
20/02/2018,121.349998,123.050003,121.019997,122.010002,118.748909,6182800,Sell
21/02/2018,122.050003,122.830002,120.410004,120.43,117.211136,7676100,Buy
22/02/2018,120.669998,121.379997,119.620003,120.379997,117.162468,4994000,Buy
23/02/2018,121.57,122.959999,121.220001,122.93,119.644333,5036900,Sell
26/02/2018,123.580002,124.599998,123.32,124.589996,121.259926,6270500,Sell
27/02/2018,124.699997,125.300003,123.349998,123.370003,120.072556,7287200,Buy
28/02/2018,123.650002,124.980003,122.879997,122.940002,119.654053,6780900,Buy
01/03/2018,123.260002,124,119.620003,120.400002,117.181946,8819600,Buy
02/03/2018,119.089996,120.980003,117.860001,120.769997,117.542053,7581900,Sell
05/03/2018,120.449997,122.309998,119.440002,121.879997,118.622383,5810200,Sell
06/03/2018,122.830002,123.239998,120.669998,121.059998,117.824287,7464400,Buy
07/03/2018,120.029999,122.239998,119.699997,121.849998,118.593193,7254100,Sell
08/03/2018,121.959999,122.82,121.169998,122.220001,118.953308,6948900,Sell
09/03/2018,123.25,124.790001,122.870003,124.510002,121.182098,6397700,Sell
12/03/2018,124.75,124.980003,123.480003,124.239998,120.919319,8636000,Buy
13/03/2018,124.25,125,122.900002,123.199997,119.907082,9479500,Buy
14/03/2018,124.040001,124.040001,121.900002,122.580002,119.303703,7855000,Buy
15/03/2018,123.129997,124.419998,122.699997,123.410004,120.111488,5861900,Sell
16/03/2018,123.849998,125.050003,123.330002,124.529999,121.201538,9447100,Sell
19/03/2018,123.940002,124.309998,122.279999,123.209999,119.916832,17387800,Buy
20/03/2018,123.379997,125.169998,123.300003,124.910004,121.571388,7779700,Sell
21/03/2018,124.900002,125.440002,123.07,123.220001,119.926575,7359500,Buy
22/03/2018,122.199997,122.68,119.699997,119.989998,116.782906,10501500,Buy
23/03/2018,119.889999,120.330002,116.760002,117,113.872818,10024300,Buy
26/03/2018,119.089996,120.739998,117.800003,120.639999,117.415543,8735400,Sell
27/03/2018,121.519997,121.599998,116.739998,117.400002,114.262131,9008600,Buy
28/03/2018,116.93,118.07,116.029999,116.989998,113.863091,9420400,Sell
29/03/2018,117.68,120.589996,117.040001,119.620003,116.422791,12918100,Sell
02/04/2018,119.269997,119.830002,116.760002,118.389999,115.225662,9877100,Buy
03/04/2018,118.889999,119.989998,117.489998,119.199997,116.014023,7084800,Sell
04/04/2018,116.900002,120.120003,116.709999,119.809998,116.607735,8425700,Sell
05/04/2018,121,122.010002,120.370003,121.190002,117.950829,6816000,Sell
06/04/2018,120.18,120.559998,117.120003,117.699997,114.5541,8383800,Buy
09/04/2018,118.629997,120.669998,118.629997,118.790001,115.614967,7024800,Sell
10/04/2018,120.559998,121.160004,119.639999,120.720001,117.493408,8947200,Sell
11/04/2018,119.989998,121.660004,119.620003,119.779999,116.578514,5874900,Buy
12/04/2018,120.400002,121.980003,120.389999,121.07,117.834023,5666000,Sell
13/04/2018,121.730003,122.470001,120.650002,120.75,117.522591,9174300,Buy
16/04/2018,122.110001,122.870003,121.510002,121.879997,118.622383,6903200,Buy
17/04/2018,122.910004,124.260002,122.519997,123.800003,120.491074,5979600,Sell
18/04/2018,124.059998,124.870003,123.379997,124.480003,121.152893,5171000,Sell
19/04/2018,124.309998,124.720001,123.150002,123.959999,120.646782,7294100,Buy
20/04/2018,124.059998,124.82,123.309998,124.199997,120.880356,7479400,Sell
23/04/2018,124.300003,124.970001,123.900002,124.459999,121.133423,8004300,Sell
24/04/2018,124.870003,125.040001,120.550003,121.269997,118.028694,9434400,Buy
25/04/2018,121.139999,121.349998,119.370003,121.209999,117.970284,8001200,Sell
26/04/2018,125.139999,127.589996,123.779999,127.080002,123.683418,14345800,Sell
27/04/2018,126.440002,127.059998,125.389999,126.010002,122.642014,6842700,Buy
30/04/2018,126.739998,127.900002,126.660004,126.879997,123.488739,8449200,Sell
01/05/2018,126.860001,127.57,125.510002,127.510002,124.101898,6407300,Sell
02/05/2018,127.879997,128.100006,126,126.379997,123.002113,8515300,Buy
03/05/2018,125.809998,127.459999,125.32,127.18,123.780739,6778600,Sell
04/05/2018,126.330002,128.360001,126.07,128.160004,124.734535,5798400,Sell
07/05/2018,128.399994,129.520004,128.25,129.259995,125.805138,5737300,Sell
08/05/2018,129.139999,129.970001,128.309998,129.899994,126.428024,5044700,Sell
09/05/2018,130.009995,131,129.589996,130.839996,127.342888,6119400,Sell
10/05/2018,131.289993,131.75,130.720001,131,127.498627,6585800,Buy
11/05/2018,131,132.089996,130.229996,131.820007,128.296677,5437100,Sell
14/05/2018,132.429993,132.5,130.669998,131.210007,127.703026,5017000,Buy
15/05/2018,130.559998,131.399994,129.899994,131.100006,127.59594,5532300,Sell
16/05/2018,131.089996,131.399994,130.539993,130.889999,127.391556,5124200,Buy
17/05/2018,130.580002,130.800003,129.610001,129.929993,126.660416,4911700,Buy
18/05/2018,129.619995,130.339996,129.070007,129.929993,126.660416,6082700,Sell
21/05/2018,130.949997,131.509995,129.990005,130.660004,127.372078,5591800,Buy
22/05/2018,131,131.779999,130.5,130.710007,127.420799,6645500,Buy
23/05/2018,130.059998,131.910004,129.800003,131.880005,128.561401,6569100,Sell
24/05/2018,131.820007,132.210007,130.5,131.889999,128.571136,6035200,Sell
25/05/2018,131.880005,132.100006,130.929993,131.279999,127.976448,7509600,Buy
29/05/2018,130.389999,131.050003,129.059998,129.690002,126.426498,10401900,Buy
30/05/2018,130.199997,131.100006,129.869995,130.639999,127.352585,10631300,Sell
31/05/2018,130.649994,131.580002,129.979996,130.720001,127.430565,11086000,Sell
01/06/2018,131.839996,132.509995,130.360001,130.850006,127.557312,8323400,Buy
04/06/2018,131.940002,133.570007,131.429993,133.070007,129.72142,7178000,Sell
05/06/2018,133.380005,133.619995,132.699997,133.559998,130.199112,6198200,Sell
06/06/2018,134,136.309998,133.610001,136.279999,132.850647,8065800,Sell
07/06/2018,136.360001,136.580002,133.050003,133.839996,130.472,8309200,Buy
08/06/2018,133.440002,134.919998,133.229996,134.740005,131.349442,5261000,Sell
11/06/2018,134.899994,135.190002,133.809998,133.910004,130.540298,7988700,Buy
12/06/2018,134.039993,135.130005,133.539993,134.860001,131.4664,5743300,Sell
13/06/2018,135.179993,135.770004,134.309998,134.399994,131.017929,4881600,Buy
14/06/2018,134.960007,135.699997,134.75,135,131.602844,6464100,Sell
15/06/2018,135.100006,135.729996,134,135.100006,131.700348,10044500,Sell
18/06/2018,134.369995,136.309998,134.119995,136.199997,132.772675,8713300,Sell
19/06/2018,134.559998,135.240005,133.570007,135.110001,131.710083,6557600,Sell
20/06/2018,135.520004,136.690002,135.5,135.5,132.090256,7192000,Buy
21/06/2018,135.270004,136.119995,134.259995,134.529999,131.144653,8689800,Buy
22/06/2018,135.600006,135.850006,134.259995,135.330002,131.924576,6031900,Buy
25/06/2018,134.910004,134.910004,129.529999,130.929993,127.635262,10086200,Buy
26/06/2018,132.110001,133.789993,131.610001,132.550003,129.214493,7733900,Sell
27/06/2018,133.009995,133.660004,131.009995,131.020004,127.723022,7282100,Buy
28/06/2018,131,133.119995,130.649994,132.740005,129.39978,6576500,Sell
29/06/2018,133.279999,134.190002,132.449997,132.449997,129.117035,7259000,Buy
02/07/2018,131.960007,133.050003,131.149994,132.5,129.165771,7554400,Sell
03/07/2018,133.009995,133.410004,131.419998,131.449997,128.142181,3621600,Buy
05/07/2018,132.130005,133.330002,131.830002,133.289993,129.935883,4729300,Sell
06/07/2018,133.580002,134.279999,132.5,134.089996,130.715775,4839800,Sell
09/07/2018,134.940002,135.970001,134.789993,135.520004,132.109772,8960700,Sell
10/07/2018,135.570007,137.330002,135.339996,136.690002,133.250336,6561900,Sell
11/07/2018,136.630005,138.809998,136.600006,138.149994,134.673584,10648700,Sell
12/07/2018,139.009995,139.949997,138.660004,139.899994,136.379547,11816100,Sell
13/07/2018,139.789993,140.029999,137.539993,139.419998,135.911636,7865700,Buy
16/07/2018,139.419998,139.550003,138.160004,138.460007,134.9758,4969900,Buy
17/07/2018,138.179993,139.910004,137.419998,139.639999,136.126099,5412600,Sell
18/07/2018,139.910004,141.169998,139.369995,140.899994,137.35437,7008600,Sell
19/07/2018,140.949997,140.990005,139.929993,140.130005,136.603775,7937000,Buy
20/07/2018,140,141.470001,139.919998,140.990005,137.442093,7153600,Sell
23/07/2018,140.660004,140.970001,139.639999,140.029999,136.506287,7723600,Buy
24/07/2018,140.990005,141.470001,139.509995,140.029999,136.506287,8336700,Buy
25/07/2018,140.339996,142.770004,139.899994,142.639999,139.050613,8376000,Sell
26/07/2018,141.610001,142.789993,139.529999,142.5,138.914124,10520800,Sell
27/07/2018,143.080002,143.139999,139.210007,140.710007,137.169174,7014900,Buy
30/07/2018,140.130005,140.419998,135.309998,136.479996,133.045593,12812400,Buy
31/07/2018,137.130005,138.020004,135.630005,136.740005,133.299072,7683300,Buy
01/08/2018,137.740005,138.740005,137.410004,138.25,134.771103,7087700,Sell
02/08/2018,137.449997,139.190002,137,138.919998,135.424225,12300000,Sell
03/08/2018,139.289993,139.860001,137.940002,139.820007,136.30159,4617500,Sell
06/08/2018,139.649994,140.259995,139.050003,139.710007,136.194336,5143000,Sell
07/08/2018,139.979996,140.690002,139.869995,140.279999,136.749954,10034500,Sell
08/08/2018,139.979996,140.990005,139.830002,140.679993,137.139938,5389500,Sell
09/08/2018,140.729996,141.240005,139.899994,140.009995,136.486755,5679300,Buy
10/08/2018,139.880005,140.740005,139.25,139.729996,136.213852,6523500,Buy
13/08/2018,140.529999,141.240005,139.830002,140.210007,136.681732,4817500,Buy
14/08/2018,140.300003,140.990005,139.880005,140.759995,137.217896,5888700,Sell
15/08/2018,140.350006,140.690002,138.839996,139.919998,136.399017,5288400,Buy
16/08/2018,141.070007,141.490005,140.419998,140.649994,137.316757,5931700,Buy
17/08/2018,140.779999,141.710007,140.570007,141.330002,137.980621,7699600,Sell
20/08/2018,141.539993,141.600006,140.699997,140.940002,137.599899,4662200,Buy
21/08/2018,141,141.460007,139.800003,140.039993,136.721191,6854300,Buy
22/08/2018,139.850006,141.529999,139.850006,141.139999,137.795151,4191700,Sell
23/08/2018,141.009995,142.449997,140.770004,142.100006,138.732422,4426800,Sell
24/08/2018,142.320007,144.380005,142.320007,144.199997,140.782639,5714000,Sell
27/08/2018,144.990005,145.600006,144.710007,145.399994,141.954193,7194900,Sell
28/08/2018,145.630005,146.169998,144.869995,145.199997,141.758926,4925700,Buy
29/08/2018,145.460007,147.300003,145.419998,147.029999,143.545563,5192900,Sell
30/08/2018,146.820007,147.710007,146.360001,146.740005,143.262466,7804600,Buy
31/08/2018,146.740005,147.639999,146.5,146.889999,143.40892,5786600,Sell
04/09/2018,146.929993,147.860001,146.669998,147.800003,144.297302,7638100,Sell
05/09/2018,147,147.820007,142.550003,142.669998,139.28891,11363400,Buy
06/09/2018,143.289993,144.699997,142.539993,144.5,141.0755,9589200,Sell
07/09/2018,143.990005,144.440002,142.75,143.199997,139.806305,13626200,Buy
10/09/2018,144.130005,144.440002,143.210007,144.080002,140.665497,5362700,Buy
11/09/2018,143.460007,145.520004,143.25,145.490005,142.042053,9895900,Sell
12/09/2018,145.850006,146.800003,145.070007,146.570007,143.096497,6964100,Sell
13/09/2018,147.149994,148.070007,147.089996,147.630005,144.131363,5803400,Sell
14/09/2018,147.910004,148.369995,147.350006,147.839996,144.336365,4928300,Buy
17/09/2018,147.830002,147.899994,145.830002,146.179993,142.715729,7708600,Buy
18/09/2018,146.199997,148.089996,145.949997,147.630005,144.131363,5692100,Sell
19/09/2018,148.279999,148.820007,147.25,147.419998,143.926315,7432300,Buy
20/09/2018,147.990005,149.490005,147.199997,149.240005,145.703186,7172700,Sell
21/09/2018,149.949997,150.259995,149.350006,150.050003,146.493988,15628100,Sell
24/09/2018,149.160004,149.649994,147.270004,149.110001,145.576294,6706700,Buy
25/09/2018,149.710007,149.960007,149.100006,149.580002,146.035126,4230700,Buy
26/09/2018,150,150.419998,149.039993,149.270004,145.732498,5852400,Buy
27/09/2018,149.899994,150.639999,149.559998,150.020004,146.464722,5868500,Sell
28/09/2018,149.809998,150.369995,149.550003,150.089996,146.533035,6035900,Sell
01/10/2018,150.889999,151.559998,150.610001,150.789993,147.216461,9802100,Buy
02/10/2018,150.839996,150.839996,149.169998,149.669998,146.123001,8047500,Buy
03/10/2018,150.710007,150.710007,149.190002,149.369995,145.830109,7521100,Buy
04/10/2018,149.179993,149.279999,146.100006,146.759995,143.281967,9208900,Buy
05/10/2018,146.639999,147.410004,144.399994,145.360001,141.915161,7085700,Buy
08/10/2018,145.009995,145.009995,140.179993,141.889999,138.52742,11637300,Buy
09/10/2018,141.460007,143.289993,141.119995,142.309998,138.937408,10798000,Sell
10/10/2018,142.570007,142.690002,135.210007,135.520004,132.308319,15450100,Buy
11/10/2018,134.089996,137.240005,132.259995,133.729996,130.560776,15657200,Buy
12/10/2018,138.479996,140.979996,137.429993,140.059998,136.740738,12993300,Sell
15/10/2018,139.899994,140.059998,137.220001,137.229996,133.977829,7953000,Buy
16/10/2018,138.710007,142.139999,138.679993,141.740005,138.380951,11059500,Sell
17/10/2018,142.339996,142.860001,140.729996,142.449997,139.074081,9170600,Sell
18/10/2018,142.460007,142.460007,137.949997,139.289993,135.988998,10222600,Buy
19/10/2018,139.899994,142.190002,139.380005,140.080002,136.760254,8696900,Sell
22/10/2018,140.970001,141.539993,139.509995,140.639999,137.307007,6099500,Buy
23/10/2018,136.889999,140.039993,135.589996,139.119995,135.822998,10736100,Sell
24/10/2018,139.699997,140.179993,134,134.259995,131.078186,13849600,Buy
25/10/2018,135.449997,140.899994,132.5,140.520004,137.18985,14985900,Sell
26/10/2018,137.979996,139.869995,136.059998,137.740005,134.475754,12034900,Buy
29/10/2018,139.610001,141.509995,132.270004,134.330002,131.146515,12768200,Buy
30/10/2018,133.080002,134.860001,129.789993,132.759995,129.613708,15107600,Buy
31/10/2018,134.990005,139.119995,134.990005,137.850006,134.58313,13205300,Sell
01/11/2018,139,140.869995,137.490005,140.830002,137.492477,16024000,Sell
02/11/2018,141.110001,141.449997,137.850006,139.779999,136.467377,17063100,Buy
05/11/2018,139.800003,140.210007,138.070007,139.800003,136.486908,6280000,Sell
06/11/2018,139.800003,140.910004,139.720001,140.789993,137.453445,4732700,Sell
07/11/2018,142.339996,144.899994,142.320007,144.779999,141.348892,20502100,Sell
08/11/2018,144.600006,145.460007,143.649994,145.229996,141.788223,5927400,Sell
09/11/2018,144.199997,144.570007,142.360001,143.929993,140.519028,8339800,Buy
12/11/2018,143.419998,143.639999,139.169998,139.720001,136.408813,11335100,Buy
13/11/2018,140.350006,141.899994,139.009995,139.720001,136.408813,6287000,Buy
14/11/2018,142.020004,142.600006,138.410004,139.490005,136.184235,6613900,Buy
15/11/2018,138.850006,141.910004,137.929993,141.839996,138.727188,8565000,Sell
16/11/2018,140.419998,141.839996,139.919998,140.179993,137.103622,8628000,Buy
19/11/2018,140.470001,140.570007,134.25,134.759995,131.802582,16253000,Buy
20/11/2018,130.309998,134.529999,129.539993,133.369995,130.443054,12720200,Sell
21/11/2018,134.360001,135.779999,133.630005,134.419998,131.470032,7416300,Sell
23/11/2018,132.589996,134.25,132.490005,132.869995,129.954041,3676000,Sell
26/11/2018,134.600006,136.520004,134.25,135.940002,132.95668,9144600,Sell
27/11/2018,135.279999,136.309998,134.119995,135.910004,132.927353,7877900,Sell
28/11/2018,137.070007,141.539993,136.869995,141.380005,138.277328,11265100,Sell
29/11/2018,140.690002,140.699997,138.710007,139.100006,136.047348,8751500,Buy
30/11/2018,139.009995,142.259995,138.630005,141.710007,138.600067,11362800,Sell
03/12/2018,145,145.720001,143.850006,145,141.817856,11285600,Sell
04/12/2018,143.130005,144.350006,138.5,138.639999,135.597412,13988900,Buy
06/12/2018,135.039993,141.110001,133.479996,141.050003,137.954544,16391900,Sell
07/12/2018,140.820007,142.130005,135.990005,137.110001,134.100983,14007700,Buy
10/12/2018,136.25,138.270004,134.860001,137.880005,134.854111,15744300,Sell
11/12/2018,139.940002,140.050003,135.919998,136.809998,133.807587,12466300,Buy
12/12/2018,139.300003,140.880005,137.75,137.800003,134.775848,10387200,Buy
13/12/2018,138.300003,139.130005,136.149994,137.539993,134.521591,8780900,Buy
14/12/2018,135.690002,136.720001,134.550003,135.089996,132.125351,9351200,Buy
17/12/2018,134.210007,134.429993,130.690002,131.399994,128.516312,11796200,Buy
18/12/2018,132.289993,134.169998,131.800003,132.660004,129.748657,12761900,Sell
19/12/2018,132.929993,135.869995,129.520004,131.259995,128.379379,13819000,Buy
20/12/2018,130.160004,132.009995,127.150002,128.759995,125.934242,18091700,Buy
21/12/2018,127.18,130.330002,122.949997,124.260002,121.533012,25448600,Buy
24/12/2018,122.080002,125.209999,121.599998,121.730003,119.05854,8617700,Buy
26/12/2018,123.019997,130.240005,123,130.229996,127.372002,13499500,Sell
27/12/2018,127.989998,132.009995,126.519997,132.009995,129.11293,10883000,Sell
28/12/2018,133.080002,133.619995,129.660004,130.940002,128.066437,7381300,Buy
31/12/2018,131.679993,132.440002,130.229996,131.940002,129.044464,7976000,Sell
02/01/2019,130,133.740005,129.600006,132.919998,130.002975,8788000,Sell
03/01/2019,131.210007,131.279999,127.879997,128.130005,125.3181,9428300,Buy
04/01/2019,130.440002,134.589996,130.130005,133.649994,130.716934,11065800,Sell
07/01/2019,134.449997,137.169998,134.039993,136.059998,133.074036,12928000,Sell
08/01/2019,137.970001,138.190002,135.960007,136.800003,133.797806,9243000,Buy
09/01/2019,138.300003,139.479996,137.619995,138.410004,135.372482,9987600,Sell
10/01/2019,136.809998,138.820007,136.360001,138.669998,135.62674,12514900,Sell
11/01/2019,137.75,138.600006,137.410004,138.059998,135.030151,5860100,Sell
14/01/2019,136.990005,138.130005,136.649994,137.100006,134.091232,8666700,Sell
15/01/2019,136.960007,137.720001,135.25,137.339996,134.325943,7594900,Sell
16/01/2019,138.399994,138.869995,137.070007,137.339996,134.325943,7258000,Buy
17/01/2019,136.970001,137.910004,136.589996,137.279999,134.267258,5864900,Sell
18/01/2019,138.309998,138.600006,136.639999,138.5,135.460464,10263500,Sell
22/01/2019,137.899994,139.520004,136.979996,138.050003,135.02037,8102300,Sell
23/01/2019,138.770004,138.979996,136.149994,137.009995,134.003204,5465800,Buy
24/01/2019,137.110001,138.320007,136.520004,137.699997,134.67804,4924800,Sell
25/01/2019,139,139.899994,137.699997,138.669998,135.62674,9756300,Buy
28/01/2019,137.509995,137.509995,134.809998,135.990005,133.005585,9857200,Buy
29/01/2019,136.589996,136.690002,134.110001,135,132.037277,7457700,Buy
30/01/2019,136.100006,137.899994,135.509995,137.600006,134.580231,8078100,Sell
31/01/2019,134.389999,135.729996,133.300003,135.009995,132.047058,20095700,Sell
01/02/2019,135.389999,140.350006,135.259995,140.149994,137.074295,13248300,Sell
04/02/2019,139.789993,141.520004,139.179993,141.5,138.394653,11882700,Sell
05/02/2019,142,142.949997,141.830002,142.529999,139.402069,8455700,Sell
06/02/2019,141.960007,142.419998,141.050003,141.490005,138.384857,6146900,Buy
07/02/2019,139.919998,141.059998,139.210007,140.169998,137.093842,10675300,Sell
08/02/2019,138.690002,140.399994,138.520004,140.380005,137.29924,5950700,Sell
11/02/2019,141.259995,142.289993,140.449997,140.800003,137.710022,7600100,Buy
12/02/2019,141.789993,142.800003,141.25,141.990005,138.873901,6090000,Sell
13/02/2019,142.889999,144.699997,142.869995,143.490005,140.340988,6885600,Sell
14/02/2019,142.979996,143.479996,142.399994,143.160004,140.262634,6314000,Sell
15/02/2019,144.550003,144.910004,143.820007,144.910004,141.977188,6536000,Sell
19/02/2019,144.419998,144.880005,144.020004,144.440002,141.516693,8406700,Sell
20/02/2019,144.350006,144.839996,143.520004,144.729996,141.800842,5283100,Sell
21/02/2019,144.350006,145.029999,143.179993,144,141.085632,8573400,Buy
22/02/2019,144.419998,146.279999,144.419998,145.869995,142.917755,9680800,Sell
25/02/2019,146.910004,147.199997,145.809998,146.059998,143.103912,9731200,Buy
26/02/2019,145.199997,147.399994,145.020004,147.039993,144.064087,7332500,Sell
27/02/2019,146.5,147.490005,145.919998,147.220001,144.240448,9731200,Sell
28/02/2019,147.259995,148.820007,147.229996,148.119995,145.122223,6250200,Sell
01/03/2019,149.460007,149.929993,148.380005,149.470001,146.444901,7016800,Sell
04/03/2019,150.070007,150.190002,146.949997,147.960007,144.965454,6979700,Buy
05/03/2019,148,149.289993,147.830002,147.949997,144.955658,9678600,Buy
06/03/2019,148,148.520004,147.419998,147.809998,144.818497,8186400,Buy
07/03/2019,147.259995,147.809998,146.039993,146.830002,143.858337,8761700,Buy
08/03/2019,145.440002,147.479996,144.5,147.350006,144.367844,5168100,Sell
11/03/2019,148.110001,150.970001,148.020004,150.669998,147.620621,9361500,Sell
12/03/2019,151,153.139999,150.869995,151.729996,148.65918,9465100,Sell
13/03/2019,152.300003,154.039993,152.039993,152.470001,149.384216,8308900,Sell
14/03/2019,152.559998,154.690002,152.300003,154.199997,151.079163,9364900,Sell
15/03/2019,153.720001,156.820007,153.360001,155.460007,152.313644,20162000,Sell
18/03/2019,155.919998,156.410004,154.419998,154.960007,151.823807,9689400,Buy
19/03/2019,155.949997,155.949997,154.139999,154.589996,151.461304,9236100,Buy
20/03/2019,154.339996,154.869995,152.710007,153.75,150.638275,6391400,Buy
21/03/2019,153.320007,156.679993,153.309998,155.800003,152.64679,7027100,Sell
22/03/2019,154.990005,155.679993,152.850006,153.070007,149.972031,8119800,Buy
25/03/2019,152.360001,154.059998,151.539993,153.029999,149.932846,7568000,Sell
26/03/2019,153.770004,155.600006,153.770004,155.300003,152.156891,15594400,Sell
27/03/2019,155.470001,155.860001,153.360001,154.220001,151.098785,12253800,Buy
28/03/2019,154.929993,155.080002,153.610001,154.669998,151.539658,16902200,Buy
29/03/2019,155.729996,156.289993,154.929993,156.190002,153.028931,12164400,Sell
01/04/2019,157.529999,157.729996,156.550003,157.259995,154.077271,6420100,Buy
02/04/2019,157.660004,158.149994,156.75,157.779999,154.586731,6215100,Sell
03/04/2019,158.550003,159.110001,157.850006,158.460007,155.25296,8209300,Buy
04/04/2019,158.529999,158.690002,156.529999,157.639999,154.44957,5100200,Buy
05/04/2019,158,158.630005,157.229996,157.649994,154.459351,4178300,Buy
08/04/2019,157.550003,157.850006,156.320007,157.75,154.557312,5604700,Sell
09/04/2019,156.559998,157.990005,156.470001,157.490005,154.302582,6364100,Sell
10/04/2019,157.990005,158.779999,157.520004,158.559998,155.350937,3918600,Sell
11/04/2019,159.110001,159.300003,157.440002,157.860001,154.6651,5771400,Buy
12/04/2019,158.710007,159.639999,157.860001,159.639999,156.409088,6745100,Sell
15/04/2019,159.830002,160.479996,159.190002,160.440002,157.192886,8142800,Sell
16/04/2019,161.039993,161.100006,159.550003,160.229996,156.987122,6021400,Buy
17/04/2019,160.869995,161.070007,160.309998,160.440002,157.192886,4609100,Buy
18/04/2019,160.929993,161.100006,159,160.160004,156.918579,7859400,Buy
22/04/2019,159.199997,160.479996,159.070007,160.399994,157.153687,4602600,Sell
23/04/2019,161,161.880005,159.869995,161.660004,158.388184,6522900,Sell
24/04/2019,161.75,162.029999,160.649994,161.490005,158.221634,7376500,Buy
25/04/2019,160.520004,161.600006,158.550003,161.020004,157.761139,8862500,Sell
26/04/2019,161.259995,163.029999,160.399994,162.929993,159.632492,7525400,Sell
29/04/2019,163.210007,164.5,163.100006,164.149994,160.827789,10003600,Sell
30/04/2019,164.979996,165.699997,163.919998,164.429993,161.102127,6432700,Buy
01/05/2019,165.539993,165.740005,162.75,162.789993,159.495331,5248100,Buy
02/05/2019,162.100006,163.080002,160.429993,161.119995,157.859131,6054900,Buy
03/05/2019,162.300003,162.740005,161.179993,162.039993,158.760498,4317500,Buy
06/05/2019,158.210007,162.649994,158.199997,162.279999,158.995651,10442400,Sell
07/05/2019,160.949997,161.779999,158.679993,160.210007,156.967545,6413600,Buy
08/05/2019,159.770004,161.699997,159.520004,160.759995,157.506393,5445900,Sell
09/05/2019,158.860001,159.850006,157.169998,159.809998,156.575623,6813700,Sell
10/05/2019,158.860001,161.399994,157.270004,160.710007,157.457443,5192500,Sell
13/05/2019,157.190002,158.720001,156.419998,157.330002,154.145844,9730000,Sell
14/05/2019,158.100006,161.520004,157.940002,160.210007,156.967545,9756700,Sell
15/05/2019,159.320007,163.160004,159.100006,162.789993,159.495331,7547000,Sell
16/05/2019,163.449997,165.600006,162.860001,164.869995,161.781647,9745500,Sell
17/05/2019,163.289993,165.199997,163.199997,164.089996,161.016312,4582500,Sell
20/05/2019,163.350006,164.740005,162.330002,163.470001,160.407898,4747400,Sell
21/05/2019,164.580002,164.860001,163.190002,163.860001,160.790604,9095700,Buy
22/05/2019,163.600006,165.630005,163.449997,164.240005,161.163498,5416400,Sell
23/05/2019,163.5,164.25,160.820007,161.509995,158.484619,6138000,Buy
24/05/2019,162.75,163.410004,161.720001,162.639999,159.59346,4105600,Buy
28/05/2019,163.399994,165.770004,163.330002,163.710007,160.643402,10202300,Sell
29/05/2019,163.300003,163.5,161.479996,162.729996,159.681793,6456000,Buy
30/05/2019,162.800003,163.5,161.940002,162.759995,159.711227,4750600,Buy
31/05/2019,160.910004,162.130005,160.559998,161.330002,158.307999,5079000,Sell
03/06/2019,161.539993,162.830002,156.75,158.600006,155.62915,8034600,Buy
04/06/2019,160.289993,162.369995,158.649994,162.330002,159.28923,6684800,Sell
05/06/2019,163.5,165.399994,162.690002,165.389999,162.291931,7769300,Sell
06/06/2019,165.880005,167.399994,164.940002,166.919998,163.793274,13738500,Sell
07/06/2019,168,171.610001,167.800003,170.050003,166.864639,10528800,Sell
10/06/2019,171.839996,172.020004,170.509995,170.820007,167.620239,7565900,Buy
11/06/2019,171.949997,172.179993,168.419998,170.309998,167.119781,6082900,Buy
12/06/2019,170.380005,171.619995,169.699997,171.589996,168.375824,6772000,Sell
13/06/2019,172.139999,172.199997,168.720001,169.350006,166.17775,6901400,Buy
14/06/2019,169.770004,170.639999,168.839996,169.660004,166.481964,4999900,Buy
17/06/2019,169.729996,170.419998,169.029999,169.559998,166.383835,6410200,Buy
18/06/2019,170.649994,170.669998,167.550003,169.279999,166.10907,6969300,Buy
19/06/2019,169.389999,171.199997,169.210007,170.690002,167.492676,6323900,Sell
20/06/2019,172.509995,173.940002,171.75,173.740005,170.485535,11474100,Sell
21/06/2019,173.270004,174.809998,173.160004,173.440002,170.191132,11728200,Sell
24/06/2019,174.600006,174.729996,172.720001,173.850006,170.593445,5554900,Buy
25/06/2019,174.809998,174.940002,170.589996,171.279999,168.071594,9899900,Buy
26/06/2019,171.389999,172.389999,170.820007,171.059998,167.855713,7129900,Buy
27/06/2019,172.119995,172.399994,170.320007,171.229996,168.022552,5873400,Buy
28/06/2019,171.960007,173.550003,170.520004,173.550003,170.299103,8442700,Sell
01/07/2019,175.330002,175.539993,172.740005,173.940002,170.681778,6103200,Buy
02/07/2019,174.100006,175.320007,173.300003,175.279999,171.996689,5238100,Sell
03/07/2019,176,176.990005,175.720001,176.869995,173.5569,4066600,Sell
05/07/2019,175.860001,177.029999,174.509995,176.660004,173.35083,5840400,Sell
08/07/2019,176.300003,176.610001,175.399994,176.190002,172.889648,6720300,Buy
09/07/2019,175.429993,177.889999,175.300003,177.729996,174.400787,4894300,Sell
10/07/2019,178.580002,180.259995,178.580002,179.309998,175.951187,5110600,Sell
11/07/2019,180.119995,180.940002,179.460007,180.740005,177.354431,6986600,Sell
12/07/2019,181.350006,181.350006,178.919998,180.330002,176.952072,7196700,Buy
15/07/2019,180.559998,181.070007,179.940002,180.570007,177.187607,4490400,Sell
16/07/2019,180.369995,180.880005,178.729996,179.309998,175.951187,6800200,Buy
17/07/2019,179.559998,180.210007,179.009995,179.149994,175.794189,3994200,Buy
18/07/2019,178.630005,180.619995,178.580002,180.529999,177.148331,4736300,Sell
19/07/2019,181.839996,181.839996,179.139999,179.240005,175.882492,5327100,Buy
22/07/2019,179.639999,180.979996,179.139999,180.570007,177.187607,4862100,Sell
23/07/2019,180.889999,181.270004,179.059998,180.899994,177.511368,7193000,Sell
24/07/2019,180.789993,183.429993,179.25,183.330002,179.895905,8169300,Sell
25/07/2019,183.869995,183.990005,181.300003,181.589996,178.188461,6085800,Buy
26/07/2019,182.410004,183.820007,182.210007,183.690002,180.249161,5056300,Sell
29/07/2019,183.889999,184.070007,182.729996,183.210007,179.778152,4621800,Buy
30/07/2019,182.539993,183.380005,181.270004,181.529999,178.129608,5236600,Buy
31/07/2019,181.789993,182.050003,176.059998,178,174.665741,7981200,Buy
01/08/2019,179.190002,182.399994,178.169998,179.169998,175.813797,8417300,Buy
02/08/2019,178,178.270004,174.690002,177.419998,174.096573,8264600,Buy
05/08/2019,172.009995,173.5,166.979996,168.860001,165.696945,16858300,Buy
06/08/2019,171.789993,172.949997,170.130005,172.479996,169.249115,10281300,Sell
07/08/2019,171.5,175.729996,170.339996,175.320007,172.035904,8292800,Sell
08/08/2019,177.460007,179.949997,176.570007,179.899994,176.530121,7602800,Sell
09/08/2019,179.669998,180.100006,177.850006,179.050003,175.696075,5373700,Buy
12/08/2019,177.440002,178.649994,175.600006,176.339996,173.036804,7394400,Buy
13/08/2019,174.389999,178.919998,174.210007,178.610001,175.264313,6667700,Sell
14/08/2019,176.240005,177.25,173.160004,173.509995,170.259842,7293500,Buy
15/08/2019,174.259995,177.020004,173.520004,176.270004,173.217712,6698000,Sell
16/08/2019,178,178.75,177.199997,178.229996,175.143768,8312200,Sell
19/08/2019,180.419998,180.419998,178.119995,179.740005,176.627625,5285000,Buy
20/08/2019,179.429993,180.630005,178.490005,179.240005,176.136292,3793600,Buy
21/08/2019,180.690002,181.690002,180.240005,180.940002,177.80687,3695900,Sell
22/08/2019,181.949997,182.330002,178.610001,180.089996,176.971542,6659900,Buy
23/08/2019,179.550003,180.5,174.240005,175.229996,172.195709,7051900,Buy
26/08/2019,176.410004,177.669998,175.350006,177.589996,174.514832,7754400,Sell
27/08/2019,178.320007,179.190002,176.940002,178.380005,175.291183,4022100,Sell
28/08/2019,176.990005,178.990005,176.029999,178.669998,175.576141,4401900,Sell
29/08/2019,180.399994,181.389999,179.309998,181.169998,178.032837,4679200,Sell
30/08/2019,181.990005,182.179993,179.669998,180.820007,177.688904,4061200,Buy
03/09/2019,180.520004,181.25,179.100006,179.199997,176.096954,4644000,Buy
04/09/2019,180.899994,182.199997,180.050003,181.770004,178.622482,4154800,Sell
05/09/2019,183.729996,185.679993,183.380005,184.729996,181.531219,6386800,Sell
06/09/2019,184.740005,186.710007,184.550003,185.740005,182.523727,7990900,Sell
09/09/2019,186.919998,187.050003,179.509995,181.550003,178.406281,7290500,Buy
10/09/2019,179.410004,179.699997,173.809998,176.350006,173.296356,15255200,Buy
11/09/2019,177.399994,177.929993,174.449997,174.979996,171.950058,9113600,Buy
12/09/2019,176.850006,179.410004,176.679993,177.979996,174.898087,7748800,Sell
13/09/2019,178.649994,178.770004,176.020004,177.270004,174.200409,6103200,Buy
16/09/2019,176.169998,177.199997,175.509995,176.110001,173.060501,4253600,Buy
17/09/2019,176.830002,178.259995,175.039993,176.449997,173.394623,5924700,Buy
18/09/2019,177.089996,177.179993,172.830002,175.289993,172.254684,9542500,Buy
19/09/2019,176.199997,177.410004,175.610001,175.960007,172.913086,6964500,Buy
20/09/2019,177.399994,177.630005,173.949997,174.059998,171.046005,12820400,Buy
23/09/2019,172.899994,175.25,172.789993,174.910004,171.881241,8803500,Sell
24/09/2019,176.110001,177.199997,173.399994,174.479996,171.458679,10039900,Buy
25/09/2019,173.800003,175.669998,172.389999,175.279999,172.244858,7797300,Sell
26/09/2019,175.649994,176.449997,174.610001,175.649994,172.608444,10419000,Sell
27/09/2019,176.699997,176.830002,172.360001,174,170.987015,9212600,Buy
30/09/2019,174.169998,175.449997,172.009995,172.009995,169.031464,16464000,Buy
01/10/2019,173.020004,174.820007,172.820007,174.289993,171.271973,8146200,Sell
02/10/2019,172.639999,172.940002,168.589996,169.830002,166.889221,10596200,Buy
03/10/2019,169.910004,173.139999,168.630005,172.869995,169.876587,7242800,Sell
04/10/2019,174.679993,176.520004,174.440002,175.979996,172.932739,6027600,Sell
07/10/2019,174.660004,175.690002,173.800003,174.899994,171.871414,5248300,Sell
08/10/2019,173.570007,174.639999,171.880005,172.419998,169.434387,5336500,Buy
09/10/2019,174.110001,175.990005,173.639999,174.880005,171.851822,6277300,Sell
10/10/2019,173.889999,175.899994,173.589996,174.880005,171.851822,4762400,Sell
11/10/2019,176.869995,179.199997,176.850006,177.059998,173.994019,8754400,Sell
14/10/2019,177.380005,178.410004,177.110001,177.360001,174.288849,7240900,Buy
15/10/2019,178.130005,179.429993,177.550003,178.75,175.654785,4400200,Sell
16/10/2019,177.919998,178.259995,176.270004,177.869995,174.790009,6509000,Buy
17/10/2019,178.889999,179.190002,177.5,177.940002,174.85878,4887900,Buy
18/10/2019,177.899994,178.199997,174.550003,175.710007,172.667435,6311900,Buy
21/10/2019,176,176.729996,174.610001,176.429993,173.374924,4898200,Sell
22/10/2019,177,177.789993,170.779999,170.860001,167.901398,10094700,Buy
23/10/2019,170.990005,172.169998,170.179993,171.320007,168.353424,7122300,Sell
24/10/2019,173.419998,176.869995,173.399994,176.160004,173.109619,7872600,Sell
25/10/2019,174.929993,179.149994,173.5,177.850006,174.770355,10130100,Sell
28/10/2019,178.929993,180.179993,178.350006,179.839996,176.725906,10086500,Sell
29/10/2019,179.800003,180,177.369995,177.630005,174.554153,7572800,Buy
30/10/2019,177.789993,179.419998,176.389999,179.25,176.146133,5374800,Sell
31/10/2019,179.25,179.699997,178.009995,178.860001,175.762848,6830800,Buy
01/11/2019,180.130005,181.320007,179.559998,180.929993,177.797043,7000200,Sell
04/11/2019,182.080002,182.399994,178.809998,178.949997,175.851303,7154800,Buy
05/11/2019,179.070007,179.559998,175.179993,176.369995,173.315979,7447500,Buy
06/11/2019,176.369995,178.190002,176.139999,176.770004,173.709045,6992500,Sell
07/11/2019,177.350006,180.649994,176.850006,178.429993,175.340302,7227200,Sell
08/11/2019,178.380005,179.449997,177.800003,178.970001,175.870972,3894100,Sell
11/11/2019,178.5,180.360001,178.199997,179.539993,176.431076,3617300,Sell
12/11/2019,179.940002,181.059998,178.880005,179.740005,176.627625,6118700,Buy
13/11/2019,179.399994,180.880005,177.899994,179.410004,176.303329,6138300,Sell
14/11/2019,179,179.770004,178.059998,179.75,176.933319,9811000,Sell
15/11/2019,180.029999,180.679993,179.080002,179.770004,176.953003,7808800,Buy
18/11/2019,179.570007,180.320007,178.979996,179.660004,176.844727,7173700,Sell
19/11/2019,180.389999,182.979996,180.199997,182.770004,179.905991,8549900,Sell
20/11/2019,182.309998,183.220001,180.350006,181.660004,178.813385,6040500,Buy
21/11/2019,181.169998,181.809998,179.320007,179.889999,177.071106,5112200,Buy
22/11/2019,180.130005,180.470001,178.350006,179.470001,176.6577,6865600,Buy
25/11/2019,180.399994,181.350006,180.110001,180.970001,178.134186,5457800,Sell
26/11/2019,181.460007,182.919998,181.210007,182.550003,179.689438,7079000,Sell
27/11/2019,183,184.539993,182.259995,184.369995,181.480942,11452700,Sell
29/11/2019,183.929993,184.850006,183.360001,184.509995,181.618698,3139100,Sell
02/12/2019,184.240005,184.369995,179.869995,181.789993,178.94133,6883200,Buy
03/12/2019,179.899994,182.139999,179.660004,181.899994,179.049622,4543300,Sell
04/12/2019,182.660004,182.660004,180.470001,180.600006,177.769974,10650400,Buy
05/12/2019,181.25,182.029999,180.070007,181.889999,179.03978,4638600,Sell
06/12/2019,182.740005,183.279999,181.339996,182.169998,179.315369,14526700,Buy
09/12/2019,181.899994,183.259995,181.300003,182.919998,180.053635,10233100,Sell
10/12/2019,182.550003,183.149994,181.899994,182.259995,179.403961,8625700,Buy
11/12/2019,183.070007,183.080002,181.190002,182.009995,179.157867,7138800,Buy
12/12/2019,181.660004,183.330002,180.830002,182.639999,179.778015,11192100,Sell
13/12/2019,182.5,185.520004,182.039993,185.139999,182.238861,8558100,Sell
16/12/2019,186.330002,186.820007,185.770004,186.240005,183.321625,8249900,Buy
17/12/2019,186.5,186.779999,184.100006,185.520004,182.6129,10208700,Buy
18/12/2019,185.520004,186.440002,184.899994,184.899994,182.002609,8968500,Buy
19/12/2019,184.5,186.580002,184.5,186.539993,183.616882,5854200,Sell
20/12/2019,187.600006,188.169998,186.300003,188,185.054047,11259500,Sell
23/12/2019,188.149994,188.410004,187,187.080002,184.148453,5831700,Buy
24/12/2019,187.100006,188.020004,186.910004,187.570007,184.630798,2420900,Sell
26/12/2019,187.889999,189.179993,187.699997,189.160004,186.195847,5237000,Sell
27/12/2019,189.740005,189.889999,188.470001,189.389999,186.422241,5448600,Buy
30/12/2019,189.309998,189.479996,187.119995,187.830002,184.886703,4833600,Buy
31/12/2019,187.059998,188,186.539993,187.899994,184.955566,5273000,Sell
02/01/2020,189,191.139999,188.720001,191.119995,188.125153,8733000,Sell
03/01/2020,188.410004,190.960007,187.919998,189.600006,186.628983,4899700,Sell
06/01/2020,188,189.210007,187.160004,189.190002,186.225388,10109500,Sell
07/01/2020,189.589996,190.100006,188.600006,188.690002,185.7332,4392300,Buy
08/01/2020,189.490005,192.5,188.800003,191.919998,188.912582,5712000,Sell
09/01/2020,193,193.919998,192.520004,193.25,190.221771,6748000,Sell
10/01/2020,193.5,194.570007,193.110001,193.770004,190.733612,6586400,Sell
13/01/2020,194.440002,195.600006,194.279999,195.330002,192.26918,11290500,Sell
14/01/2020,196.740005,196.949997,195.139999,196.050003,192.977905,6236500,Buy
15/01/2020,197,200.149994,196.320007,199.800003,196.669128,10831100,Sell
16/01/2020,201,201.5,199.779999,200.949997,197.801086,9983700,Buy
17/01/2020,201.759995,204.75,199.979996,204.699997,201.492325,12518900,Sell
21/01/2020,204.130005,208.389999,203.800003,207.289993,204.041748,14861700,Sell
22/01/2020,207.509995,210.130005,207.289993,207.899994,204.642212,8065000,Sell
23/01/2020,207.899994,208.399994,205.300003,206.520004,203.283829,8520800,Buy
24/01/2020,207.419998,207.990005,204.210007,205,201.787659,7812900,Buy
27/01/2020,200,203.330002,199.100006,201.690002,198.529495,7198900,Sell
28/01/2020,202.389999,203.839996,201.779999,202.850006,199.671326,7215700,Sell
29/01/2020,204.300003,205.919998,202.509995,204.860001,201.649857,7041700,Sell
30/01/2020,204,208.5,203.320007,208.210007,204.947342,8571900,Sell
31/01/2020,201.490005,203.979996,198.259995,198.970001,195.852127,16699600,Buy
03/02/2020,199.940002,202.259995,199.850006,200.809998,197.663284,10885900,Sell
04/02/2020,203.5,204.919998,202.229996,203.559998,200.370224,10205900,Sell
05/02/2020,205.5,205.600006,199.949997,202.809998,199.631958,8672400,Buy
06/02/2020,203.050003,204.630005,202.479996,203.039993,199.858337,7001200,Buy
07/02/2020,201.979996,203.830002,201.089996,202.740005,199.563065,5691100,Sell
10/02/2020,201.970001,206.130005,201.860001,205.990005,202.762131,6239500,Sell
11/02/2020,207.5,207.669998,203.639999,203.940002,200.744263,10231900,Buy
12/02/2020,205,208.149994,205,207.440002,204.189407,7355800,Sell
13/02/2020,206.619995,208.470001,206.050003,207.399994,204.445679,9495300,Sell
14/02/2020,208.289993,210.779999,208.009995,210.289993,207.294525,6548800,Sell
18/02/2020,210,211.5,209.360001,211.199997,208.191574,7651500,Sell
19/02/2020,212.520004,214.169998,211.720001,213.309998,210.271515,5927500,Sell
20/02/2020,212.130005,213.690002,208.279999,211.449997,208.438019,8531900,Buy
21/02/2020,209.899994,210.220001,207.419998,208.809998,205.835617,9231500,Buy
24/02/2020,197.889999,203.770004,194.009995,198.789993,195.958328,13316800,Sell
25/02/2020,198.789993,199.889999,187.720001,188.399994,185.716339,18539000,Buy
26/02/2020,190,193.509995,187.029999,187.210007,184.543304,14214700,Buy
27/02/2020,182.119995,186.339996,180,180.009995,177.445831,17536600,Buy
28/02/2020,173.789993,182.330002,172.979996,181.759995,179.170929,22659000,Sell
02/03/2020,186.320007,192.440002,183.100006,192.330002,189.590363,17434500,Sell
03/03/2020,193.199997,194.039993,184.5,185.729996,183.084366,15226400,Buy
04/03/2020,190.360001,194.490005,186.169998,194.289993,191.522446,10789100,Sell
05/03/2020,191.240005,191.919998,185.639999,186.960007,184.296875,10106900,Buy
06/03/2020,183.539993,185.990005,179.979996,184.360001,181.733902,15183200,Sell
09/03/2020,171.210007,179.570007,168.309998,171.130005,168.692352,20486400,Buy
10/03/2020,179.470001,182.610001,171.880005,182.600006,179.999008,16119400,Sell
11/03/2020,177.649994,178.729996,170.199997,172.949997,170.48642,14598200,Buy
12/03/2020,158.5,172,156.990005,160.080002,157.799774,27467700,Sell
13/03/2020,168.720001,176.320007,162.210007,175.830002,173.325409,19948900,Sell
16/03/2020,151.139999,165.309998,147.979996,152.009995,149.844711,23692000,Sell
17/03/2020,155.75,163.699997,149.25,157.889999,155.640945,22298000,Sell
18/03/2020,148.460007,150.679993,139.800003,148.479996,146.36499,22787500,Sell
19/03/2020,146.919998,157.25,141.470001,152.25,150.081284,19362800,Sell
20/03/2020,154.820007,158.259995,145.669998,146.830002,144.73848,18692100,Buy
23/03/2020,141.330002,143.350006,133.929993,135.740005,133.806442,30344100,Buy
24/03/2020,144.839996,155.25,143.580002,154.529999,152.328781,24488300,Sell
25/03/2020,159.320007,168.179993,153.580002,161.779999,159.47554,20619600,Sell
26/03/2020,162.080002,169.529999,161.789993,168.880005,166.474396,17062900,Sell
27/03/2020,161.080002,167.100006,158.149994,161.559998,159.258652,14950700,Sell
30/03/2020,161.039993,165.869995,160.690002,165.570007,163.211548,15714500,Sell
31/03/2020,166.429993,168.190002,160.539993,161.119995,158.824905,20613100,Buy
01/04/2020,156.320007,158.070007,151.419998,153.110001,150.929047,12595200,Buy
02/04/2020,152.529999,158.350006,151.289993,157.389999,155.148071,14051100,Sell
03/04/2020,155.559998,157.720001,150.600006,151.850006,149.686996,11994700,Buy
06/04/2020,160.020004,170.729996,158.25,169.440002,167.026428,16479100,Sell
07/04/2020,177.759995,178.800003,168.100006,168.589996,166.188522,15379000,Buy
08/04/2020,171.009995,176,167.929993,174.940002,172.448059,11146500,Sell
09/04/2020,176.270004,177.190002,172.850006,173.690002,171.215881,12231800,Buy
13/04/2020,172.259995,172.320007,166.149994,168.990005,166.58284,14043700,Buy
14/04/2020,173.089996,175.429993,170.830002,174.619995,172.132645,9980500,Sell
15/04/2020,168.699997,169.360001,164.949997,165.960007,163.596008,12118700,Buy
16/04/2020,167.110001,168,159.800003,162.419998,160.1064,20308200,Buy
17/04/2020,169.649994,170.990005,164.949997,169.539993,167.125,15375800,Buy
20/04/2020,167.330002,167.429993,163.199997,164.220001,161.880783,10505200,Buy
21/04/2020,162,162.570007,159.149994,160.529999,158.243347,10562100,Buy
22/04/2020,164.660004,167.699997,162.919998,166.589996,164.217026,14502500,Sell
23/04/2020,167.880005,170.410004,166.210007,166.380005,164.010025,11411300,Buy
24/04/2020,168.440002,168.75,164.009995,167.320007,164.936615,8391400,Buy
27/04/2020,168.649994,172.350006,168.550003,171.759995,169.313354,9903300,Sell
28/04/2020,175,175.009995,170.380005,171.25,168.810638,8614400,Buy
29/04/2020,176.850006,182.25,176.100006,181.789993,179.2005,12862800,Sell
30/04/2020,181.779999,181.830002,177.660004,178.720001,176.17421,11331600,Buy
01/05/2020,174.449997,179.639999,174.270004,175.570007,173.069092,10109600,Sell
04/05/2020,172.949997,176.940002,171.720001,176.149994,173.640823,9386200,Sell
05/05/2020,179.089996,181.100006,178.259995,178.440002,175.898224,13513000,Buy
06/05/2020,179.720001,180.509995,177.880005,178.779999,176.233383,8540500,Buy
07/05/2020,181.75,184.979996,181.710007,182.720001,180.117249,9262200,Sell
08/05/2020,185.029999,185.75,183.619995,185.089996,182.453476,6470100,Sell
11/05/2020,183.869995,184.619995,181.429993,183.559998,180.945282,8683100,Buy
12/05/2020,183.559998,183.990005,179.369995,179.470001,176.913559,8219700,Buy
13/05/2020,178.5,181.089996,175.039993,177.089996,174.859741,13377100,Buy
14/05/2020,175.940002,181.050003,173.820007,180.899994,178.621765,9695100,Sell
15/05/2020,179.979996,184.139999,178.869995,183.490005,181.179153,10785900,Sell
18/05/2020,188,192.830002,187.470001,191.380005,188.969788,11802200,Sell
19/05/2020,191.139999,194.5,189.229996,189.360001,186.975204,7446800,Buy
20/05/2020,193,194.990005,192.410004,193.860001,191.418549,9545600,Sell
21/05/2020,193.5,193.619995,190.020004,190.619995,188.21933,11338100,Buy
22/05/2020,191,191.369995,189.229996,190.860001,188.456345,5807600,Buy
26/05/2020,195.800003,196.270004,192.759995,193.220001,190.786606,9662200,Buy
27/05/2020,194.309998,194.309998,188.520004,192.820007,190.391663,7650300,Buy
28/05/2020,193.539993,198.289993,192.710007,194.259995,191.813492,8352200,Sell
29/05/2020,194.5,196.740005,193.279999,195.240005,192.781174,10211900,Sell
01/06/2020,194.710007,195.880005,193.520004,194.350006,191.90239,6011300,Buy
02/06/2020,195.940002,197.520004,194.919998,196.360001,193.887085,8462100,Sell
03/06/2020,198,198.139999,195.570007,196.869995,194.39064,8879400,Buy
04/06/2020,195.979996,196.460007,193.119995,193.639999,191.201324,7829800,Buy
05/06/2020,196.199997,199.770004,195.479996,199.610001,197.096161,8561200,Sell
08/06/2020,199.580002,199.960007,197.130005,199.600006,197.086288,7628100,Sell
09/06/2020,198.360001,201.669998,198.240005,199.080002,196.572784,6892300,Sell
10/06/2020,199.899994,202.179993,198.949997,200.479996,197.95517,8405300,Sell
11/06/2020,195.139999,196.360001,188.75,188.880005,186.501266,11974600,Buy
12/06/2020,194.210007,195,187.850006,192.259995,189.838699,11706300,Buy
15/06/2020,187,192.479996,186.210007,191.759995,189.344971,6752700,Sell
16/06/2020,196.860001,198.380005,191.800003,192.880005,190.450882,11057200,Buy
17/06/2020,193.660004,195.369995,193.059998,193.559998,191.122314,5968900,Buy
18/06/2020,192.600006,194.25,192.110001,193.910004,191.467941,5803200,Sell
19/06/2020,196.889999,197.100006,191.369995,192.199997,189.779449,11483300,Buy
22/06/2020,191.990005,196.360001,191.289993,194.960007,192.504715,6674500,Sell
23/06/2020,196.25,200.149994,195.820007,197.970001,195.476776,9866800,Sell
24/06/2020,197.020004,197.479996,190.690002,191.410004,188.99942,9453100,Buy
25/06/2020,191.100006,194.240005,189.899994,193.979996,191.537018,9936600,Sell
26/06/2020,193.100006,194.130005,189.080002,189.270004,186.886353,11836000,Buy
29/06/2020,189.910004,191.449997,187.300003,191.380005,188.969788,8020400,Sell
30/06/2020,191.490005,193.75,190.160004,193.169998,190.737259,9040100,Sell
01/07/2020,193.850006,195.350006,192.660004,193.779999,191.339554,6394100,Buy
02/07/2020,196,197.919998,195,195.669998,193.20575,6299300,Buy
06/07/2020,198.729996,199.179993,195.679993,197.759995,195.26944,7292200,Buy
07/07/2020,196.809998,198.899994,193.809998,194.199997,191.754257,7660100,Buy
08/07/2020,195.080002,195.520004,193.119995,195.070007,192.613312,8368000,Buy
09/07/2020,195,195.490005,189.949997,192.210007,189.789322,8548200,Buy
10/07/2020,191.649994,192.820007,189.440002,192.550003,190.125046,7674200,Sell
13/07/2020,193.610001,195.190002,188.699997,189.020004,186.639511,8564100,Buy
14/07/2020,189.5,193.470001,187.179993,193.330002,190.895218,8003900,Sell
15/07/2020,195.229996,197.770004,194.5,196.550003,194.074677,7681100,Sell
16/07/2020,195.330002,195.710007,192.520004,193.5,191.063065,5064000,Buy
17/07/2020,194.830002,195.570007,193.119995,195.089996,192.633057,6395000,Sell
20/07/2020,194.740005,199.479996,193.669998,198.470001,195.970505,6985300,Sell
21/07/2020,200,200.169998,195.679993,196.479996,194.005539,7218700,Buy
22/07/2020,196.479996,199,196.25,198.860001,196.35556,6823400,Sell
23/07/2020,198.440002,200.949997,196.429993,197.429993,194.943573,6106700,Buy
24/07/2020,195.669998,197.479996,194.029999,195.149994,192.692307,7160300,Buy
27/07/2020,195.160004,197.809998,194.199997,196.910004,194.430161,5604700,Sell
28/07/2020,197.690002,199.369995,196.710007,196.740005,194.262283,6897300,Buy
29/07/2020,193.089996,198.889999,193.050003,198.580002,196.079117,9471300,Sell
30/07/2020,195.199997,196.559998,192.119995,194.059998,191.616028,10499400,Buy
31/07/2020,194.419998,194.690002,189.440002,190.399994,188.002136,14180800,Buy
03/08/2020,191.800003,193.339996,190.210007,190.690002,188.288483,11405200,Buy
04/08/2020,191.130005,192.940002,190.080002,192.289993,189.868332,8204000,Sell
05/08/2020,193.559998,198.179993,193.100006,196.100006,193.630341,8876800,Sell
06/08/2020,195.979996,198.919998,194.789993,198.770004,196.266724,7480300,Sell
07/08/2020,197.589996,197.979996,195.300003,196.360001,193.887085,5654000,Buy
10/08/2020,196.360001,198.309998,195.330002,196.789993,194.311646,5525400,Sell
11/08/2020,197.820007,202.889999,196.339996,197.770004,195.279312,11549600,Buy
12/08/2020,199,200.229996,198.240005,198.740005,196.237106,5432500,Buy
13/08/2020,197.130005,199.940002,197.029999,197.580002,195.386627,7014800,Sell
14/08/2020,197.009995,198.070007,195.770004,196.639999,194.457062,5014400,Buy
17/08/2020,197.300003,200.460007,196.710007,199.429993,197.21608,6256200,Sell
18/08/2020,199.979996,200.100006,196.820007,199.009995,196.800766,6519900,Buy
19/08/2020,198.919998,202.839996,198.899994,200.990005,198.758804,9467600,Sell
20/08/2020,199.899994,204.440002,199.600006,204.149994,201.883698,8849200,Sell
21/08/2020,204.5,205.139999,203.339996,204.130005,201.863907,9998300,Buy
24/08/2020,205.009995,206.449997,204.669998,206.410004,204.118622,6159600,Sell
25/08/2020,207.190002,208.199997,205.539993,208.100006,205.789871,5828300,Sell
26/08/2020,208.100006,210.800003,207.300003,210.259995,207.925842,7035200,Sell
27/08/2020,211.210007,212.179993,209.050003,211.029999,208.687332,8619600,Buy
28/08/2020,212,216.160004,211.220001,215.710007,213.315384,7349800,Sell
31/08/2020,215.539993,215.960007,211.559998,211.990005,209.636688,9326900,Buy
01/09/2020,212.210007,213.889999,211.119995,213.350006,210.981583,5642900,Sell
02/09/2020,214.130005,217.350006,213.770004,216.479996,214.076797,9863800,Sell
03/09/2020,214.929993,214.929993,207.089996,208.960007,206.64032,11310200,Buy
04/09/2020,208.490005,210.5,200.149994,204.660004,202.388016,13243600,Buy
08/09/2020,200.779999,202.25,199.210007,200.119995,197.898438,14186900,Buy
09/09/2020,204.350006,206.289993,201.949997,204.059998,201.794693,7532600,Buy
10/09/2020,204.860001,207,200.449997,201.539993,199.302673,7243000,Buy
11/09/2020,201.580002,202.410004,198.910004,200.679993,198.452209,7439000,Buy
14/09/2020,203.350006,206.410004,203.139999,204.979996,202.704498,11730500,Sell
15/09/2020,206.75,208.210007,204.770004,205.389999,203.109909,6328600,Buy
16/09/2020,206.740005,207.75,204.949997,205.130005,202.852844,6135000,Buy
17/09/2020,202.850006,205.580002,202,205.270004,202.991272,7474900,Sell
18/09/2020,205.470001,205.720001,201.720001,202.610001,200.360794,9084100,Buy
21/09/2020,199.910004,201.25,194.699997,197.449997,195.258087,9656000,Buy
22/09/2020,198.089996,200.710007,196.800003,200.559998,198.333542,7543100,Sell
23/09/2020,200.800003,201.089996,194.570007,195.369995,193.201126,6310600,Buy
24/09/2020,195.149994,197.669998,193.130005,195.520004,193.349503,9865300,Sell
25/09/2020,195.020004,198.139999,193.509995,197.25,195.060318,5496100,Sell
28/09/2020,200.630005,201.720001,199.830002,200.320007,198.096222,5565300,Buy
29/09/2020,200.580002,202.380005,199.369995,199.440002,197.225983,5513500,Buy
30/09/2020,200.850006,202.539993,198.889999,199.970001,197.750092,9157600,Buy
01/10/2020,202.210007,205.199997,201.639999,203.350006,201.092575,7234600,Sell
02/10/2020,200,202.830002,199.399994,201.460007,199.223587,6019700,Sell
05/10/2020,202.710007,203.649994,201.050003,203.539993,201.280457,6090500,Sell
06/10/2020,204.110001,205.100006,199.710007,200.449997,198.224762,5841100,Buy
07/10/2020,202,202.789993,199.990005,202.470001,200.222366,6713400,Sell
08/10/2020,204,204.300003,202.229996,202.979996,200.726654,3955600,Buy
09/10/2020,204,207.080002,203.679993,206.639999,204.346054,5562900,Sell
12/10/2020,206.940002,207.970001,205.729996,206.399994,204.108719,6622700,Buy
13/10/2020,203.380005,205.210007,203.029999,204.320007,202.051834,5621700,Sell
14/10/2020,204.710007,204.970001,201.130005,202.199997,199.955338,5320000,Buy
15/10/2020,201.009995,204.699997,197.600006,199.550003,197.334763,8885500,Buy
16/10/2020,199.990005,202.649994,199.410004,200.259995,198.036896,6385900,Sell
19/10/2020,200.850006,201.070007,196.5,196.970001,194.783401,7449600,Buy
20/10/2020,197.550003,199.660004,196.710007,197.699997,195.505295,7427000,Sell
21/10/2020,197.830002,200.419998,197.830002,198.429993,196.227203,6067200,Sell
22/10/2020,199.339996,199.770004,195.759995,197.990005,195.792084,4908200,Buy
23/10/2020,199.75,199.880005,196.020004,198.009995,195.811874,5877200,Buy
26/10/2020,196,196.419998,190.720001,193.070007,190.926712,12608700,Buy
27/10/2020,193,193.699997,189.220001,190.059998,187.950119,8690400,Buy
28/10/2020,183.979996,184.699997,179.339996,180.869995,178.862137,17809500,Buy
29/10/2020,183,187,179.339996,184.869995,182.817734,16820900,Sell
30/10/2020,182.660004,184.220001,179.229996,181.710007,179.692795,10252900,Buy
02/11/2020,184.509995,186.919998,183.889999,184.740005,182.689163,8057100,Sell
03/11/2020,186.830002,189.529999,185.160004,188.339996,186.249237,6467900,Sell
04/11/2020,192.889999,196.880005,191.529999,193.970001,191.816711,8102700,Sell
05/11/2020,198.360001,200.990005,197.289993,197.639999,195.445969,7132100,Buy
06/11/2020,197.350006,199.679993,195.429993,198.470001,196.266769,6180500,Sell
09/11/2020,214.690002,217.649994,212.279999,212.679993,210.319,17916900,Buy
10/11/2020,211.940002,214.059998,210.550003,213.309998,210.942017,7943600,Sell
11/11/2020,212.169998,214.279999,211.669998,212.699997,210.338776,5337200,Sell
12/11/2020,211.429993,212.539993,207.139999,208.259995,206.258362,7302500,Buy
13/11/2020,209.910004,211.279999,207.300003,210.479996,208.457047,6377500,Sell
16/11/2020,214.570007,215.089996,211.830002,212.699997,210.655701,12083200,Buy
17/11/2020,210.559998,212.089996,209.5,210.710007,208.684845,7268800,Sell
18/11/2020,209.720001,211.149994,207.669998,207.830002,205.832535,6977900,Buy
19/11/2020,207.240005,208.729996,205.529999,207.570007,205.575012,5657200,Sell
20/11/2020,207.130005,208.110001,203.809998,203.880005,201.920502,9653500,Buy
23/11/2020,204.699997,209,204.699997,208.160004,206.159348,6101900,Sell
24/11/2020,210.850006,213.820007,209.399994,209.679993,207.664734,10110800,Buy
25/11/2020,209.669998,211.949997,208.869995,210.889999,208.863113,6772900,Sell
27/11/2020,212,212.029999,208.809998,211,208.972046,3512900,Buy
30/11/2020,209.539993,210.539993,206.600006,210.350006,208.328308,7725500,Sell
01/12/2020,212.130005,213.669998,211.039993,211.199997,209.170135,8047900,Buy
02/12/2020,211,211.399994,208.479996,210.179993,208.159927,9728900,Buy
03/12/2020,209.779999,211.110001,207.610001,208.050003,206.0504,9203300,Buy
04/12/2020,209.740005,212.720001,208.509995,212.679993,210.635895,5720100,Sell
07/12/2020,211.970001,214.5,211.800003,212.649994,210.606186,10624500,Sell
08/12/2020,209.949997,213.130005,209.889999,212.770004,210.725052,8646200,Sell
09/12/2020,213.229996,213.5,208.949997,209.580002,207.565704,6251100,Buy
10/12/2020,208.509995,209.300003,207.25,207.610001,205.614639,10492000,Buy
11/12/2020,205.360001,206.889999,204.5,206.240005,204.257797,9227600,Sell
14/12/2020,207.850006,211.300003,206.970001,207.25,205.258072,11967700,Buy
15/12/2020,208.539993,209.440002,206.160004,208.360001,206.357407,9796100,Buy
16/12/2020,208.479996,209.130005,207.139999,208.270004,206.26828,7504400,Buy
17/12/2020,209,211.779999,208.850006,211.179993,209.15033,6517200,Sell
18/12/2020,211.020004,211.979996,209.869995,211.309998,209.279083,13298200,Sell
21/12/2020,208.270004,209.800003,204.789993,209.009995,207.00116,7576700,Sell
22/12/2020,208.389999,208.399994,205.600006,205.839996,203.861633,7396200,Buy
23/12/2020,207.330002,207.330002,205.110001,205.300003,203.326828,6523100,Buy
24/12/2020,206.639999,208.820007,206.600006,208.699997,206.694138,3367900,Sell
28/12/2020,209.850006,213.460007,208.949997,212.630005,210.58638,5816200,Sell
29/12/2020,214.610001,215.240005,213.539993,214.369995,212.309677,6093400,Buy
30/12/2020,216,220.389999,215.649994,218.360001,216.261307,8875100,Sell
31/12/2020,218.399994,219.820007,216.199997,218.729996,216.627747,5922200,Sell
04/01/2021,220.25,220.25,214.240005,217.759995,215.667068,10318300,Buy
05/01/2021,216.309998,218.460007,213.639999,214.509995,212.448318,6869700,Buy
06/01/2021,213.800003,216.169998,212.070007,212.619995,210.576477,7206200,Buy
07/01/2021,212.199997,215.220001,212.199997,213.809998,211.755035,10967900,Sell
08/01/2021,214.169998,216.119995,212.75,215.449997,213.379303,6513000,Sell
11/01/2021,213.960007,214.860001,212.479996,212.889999,210.843872,7353100,Buy
12/01/2021,212.339996,212.789993,207.470001,208.860001,206.852631,9331600,Buy
13/01/2021,209.410004,211,208.630005,209.350006,207.337906,6688500,Buy
14/01/2021,210.570007,211.210007,201.729996,201.860001,199.919891,12887500,Buy
15/01/2021,201.539993,203.259995,200.429993,201.589996,199.652481,8755000,Sell
19/01/2021,203.050003,204.169998,200.070007,201.660004,199.721817,9772000,Buy
20/01/2021,203.029999,207.190002,202.229996,206.009995,204.029999,12675700,Sell
21/01/2021,206.050003,207.169998,204.75,205.139999,203.168381,6513500,Buy
22/01/2021,203.990005,205.330002,201.800003,202.020004,200.078354,7316200,Buy
25/01/2021,200.339996,201.639999,195.75,200.979996,199.04834,19282400,Sell
26/01/2021,201.759995,203.490005,200.970001,202.009995,200.068436,9605300,Sell
27/01/2021,197.639999,199.699997,193.960007,194.970001,193.0961,13772400,Buy
28/01/2021,200,202,198.169998,198.220001,196.31488,11041300,Buy
29/01/2021,197.820007,203.050003,192.809998,193.25,191.392639,21503000,Buy
01/02/2021,195.139999,199.210007,195.020004,198.360001,196.453522,12970700,Sell
02/02/2021,200.850006,204.350006,200,202.610001,200.662674,11305100,Sell
03/02/2021,203.070007,203.509995,200.979996,201.360001,199.424698,13458600,Buy
04/02/2021,203.240005,209.679993,203.100006,209.25,207.238861,14534800,Sell
05/02/2021,209.979996,210.130005,208.660004,208.770004,206.763504,10284000,Buy
08/02/2021,210,210.649994,205.910004,206.889999,204.901566,8637100,Buy
09/02/2021,205.759995,207.630005,203.699997,206.520004,204.535126,7619400,Sell
10/02/2021,207.970001,207.970001,205.940002,206.440002,204.455887,8467600,Buy
11/02/2021,207.330002,211.589996,207.190002,210.660004,208.959229,8411100,Sell
12/02/2021,209.360001,211.130005,207.679993,209.960007,208.264877,6911000,Sell
16/02/2021,210.660004,211.050003,207.350006,207.899994,206.221497,9652700,Buy
17/02/2021,205.259995,208.279999,205.059998,207.509995,205.834641,8373200,Sell
18/02/2021,205.880005,209.699997,204.960007,209.350006,207.659805,7328600,Sell
19/02/2021,209.339996,209.529999,203.759995,204.729996,203.077087,15011500,Buy
22/02/2021,203.550003,210.649994,203.110001,208.320007,206.638107,8337700,Sell
23/02/2021,207.399994,213.910004,206.550003,212.110001,210.397522,10571700,Sell
24/02/2021,212.360001,220.529999,211.289993,219.429993,217.658417,12039000,Sell
25/02/2021,219.289993,220.449997,212.580002,213.75,212.024261,11404300,Buy
26/02/2021,214.050003,215.210007,210.740005,212.389999,210.675262,11730000,Buy
01/03/2021,214.970001,217.800003,214.789993,216.630005,214.881042,6982000,Sell
02/03/2021,216.960007,217.929993,214.820007,215.770004,214.027954,6155200,Buy
03/03/2021,215.149994,217.190002,212.860001,214.850006,213.115402,6484600,Buy
04/03/2021,215.970001,217.020004,208.669998,211.5,209.79245,10658900,Buy
05/03/2021,213.729996,216.100006,209.630005,215.410004,213.670868,7582000,Sell
08/03/2021,216.979996,226.130005,215.809998,220.270004,218.491638,14750400,Sell
09/03/2021,222.059998,225,220.190002,220.360001,218.580917,9228600,Buy
10/03/2021,220.720001,224.190002,219.399994,223.169998,221.368225,7822900,Sell
11/03/2021,224.529999,228.229996,223.809998,226.149994,224.324158,10053400,Sell
12/03/2021,225.279999,226.539993,223.419998,224.360001,222.548615,8172400,Buy
15/03/2021,224.229996,227.089996,221.740005,223.270004,221.467392,9306100,Buy
16/03/2021,223.710007,225.580002,222.300003,224.699997,222.885864,8949300,Sell
17/03/2021,225.050003,226.240005,221.759995,223.020004,221.219421,8675600,Buy
18/03/2021,221.429993,222.520004,219.580002,220.660004,218.878494,9321800,Buy
19/03/2021,219.119995,220.169998,206.880005,206.899994,205.229584,32209700,Buy
22/03/2021,206.550003,212.289993,206.229996,208,206.320694,11371600,Sell
23/03/2021,209.050003,209.960007,207.5,208.149994,206.469482,8820700,Buy
24/03/2021,208.75,211.139999,207.929993,208.070007,206.390121,10101600,Buy
25/03/2021,207.669998,208.820007,205.779999,207.970001,206.290939,8390800,Sell
26/03/2021,208.25,213.699997,207.699997,213.529999,211.806061,7399900,Sell
29/03/2021,212.449997,215.289993,211.119995,214.509995,212.778152,7792300,Sell
30/03/2021,213.009995,214.149994,211.410004,211.899994,210.189209,5498000,Buy
31/03/2021,212.550003,214.110001,211.550003,211.729996,210.020569,13180000,Buy
01/04/2021,213.779999,217.740005,212.300003,216.860001,215.109161,6138400,Sell
05/04/2021,218.600006,220.509995,217.309998,219.039993,217.271545,10440500,Sell
06/04/2021,217.619995,219.399994,215.339996,218.649994,216.884705,7828100,Sell
07/04/2021,219.119995,221.039993,218.639999,219.270004,217.499725,5614300,Sell
08/04/2021,219.970001,222.820007,218.110001,220.699997,218.918152,11042000,Sell
09/04/2021,221,222.600006,219.509995,222.520004,220.723465,5724900,Sell
12/04/2021,220.240005,221.910004,219.220001,221.470001,219.681961,6315200,Sell
13/04/2021,221,221.619995,220.220001,221.020004,219.235596,4764000,Sell
14/04/2021,221,223.100006,220.070007,221.979996,220.18782,4972600,Sell
15/04/2021,223.889999,227.630005,223.860001,226.279999,224.45311,8698100,Sell
16/04/2021,227.169998,227.800003,225.759995,226.410004,224.582062,6829400,Buy
19/04/2021,225.75,227.580002,225.080002,225.789993,223.967056,6541600,Sell
20/04/2021,224.779999,225.380005,221.820007,223.279999,221.477325,5799100,Buy
21/04/2021,223.309998,227.869995,222.869995,227.449997,225.613647,9490600,Sell
22/04/2021,227.300003,230.929993,226.889999,227.570007,225.732681,7303000,Sell
23/04/2021,228.610001,231.820007,227.710007,230,228.143097,5345200,Sell
26/04/2021,230.770004,232.949997,229.520004,230.339996,228.480331,5650000,Buy
27/04/2021,231.029999,231.160004,228.990005,229.910004,228.053818,6642100,Buy
28/04/2021,230.949997,236.270004,230.669998,233.449997,231.565216,10111400,Sell
29/04/2021,235.229996,237.5,233.149994,236.860001,234.947708,7411400,Sell
30/04/2021,235.320007,235.929993,232.289993,233.559998,231.674347,10260200,Buy
03/05/2021,234.050003,235.740005,231.389999,232.610001,230.73201,8174400,Buy
04/05/2021,231.600006,232.389999,230.229996,232.029999,230.156693,5884500,Sell
05/05/2021,233.850006,233.850006,228.660004,229.210007,227.359467,6523200,Buy
06/05/2021,229.630005,231.580002,228.660004,231.320007,229.452438,6124100,Sell
07/05/2021,232.339996,233.220001,230.710007,232.119995,230.245987,4528700,Buy
10/05/2021,231.600006,232,225.160004,225.970001,224.145615,9627400,Buy
11/05/2021,223.740005,226.419998,222.039993,225.479996,223.659576,7633300,Sell
12/05/2021,223.630005,225,220.309998,220.630005,218.84874,7721300,Buy
13/05/2021,221.509995,224.899994,220.889999,223.740005,222.255981,6650100,Sell
14/05/2021,225.820007,227.509995,224.919998,226.940002,225.434769,4777200,Sell
17/05/2021,226.179993,227.160004,225.320007,226.440002,224.938065,5534200,Sell
18/05/2021,228.389999,229.179993,225.429993,225.570007,224.073853,6900000,Buy
19/05/2021,222.759995,224.850006,221.789993,224.589996,223.100342,9311900,Sell
20/05/2021,225.440002,227.600006,225.240005,226.440002,224.938065,7478600,Sell
21/05/2021,226.880005,229.309998,226.550003,226.770004,225.265884,5603900,Buy
24/05/2021,227.949997,230.110001,227.630005,229.320007,227.798965,4040100,Sell
25/05/2021,229.899994,230.190002,228.419998,229.020004,227.500961,4689100,Buy
26/05/2021,228.050003,229.350006,226.380005,227.070007,225.563904,4295600,Buy
27/05/2021,227.759995,228.419998,226.369995,226.860001,225.355301,5969600,Buy
28/05/2021,227.589996,229.429993,227.149994,227.300003,225.792374,5779700,Buy
01/06/2021,229.440002,230.080002,226.279999,226.630005,225.126801,5091500,Buy
02/06/2021,229.220001,233.110001,228.779999,229.660004,228.136719,9081100,Sell
03/06/2021,229,230.389999,227.770004,228.110001,226.596985,6382400,Buy
04/06/2021,229.350006,230.699997,228.729996,230.139999,228.613525,5085700,Sell
07/06/2021,232.850006,234.679993,230.080002,231.320007,229.785721,5421300,Buy
08/06/2021,232.149994,232.850006,230.160004,232.050003,230.510864,4170600,Buy
09/06/2021,232.5,234.850006,232.119995,232.309998,230.769135,4659000,Buy
10/06/2021,233.100006,234.259995,232.130005,233.949997,232.398254,4452500,Sell
11/06/2021,234.389999,235.440002,233.710007,234.960007,233.401581,5378300,Sell
14/06/2021,234.699997,235.220001,231.570007,234.080002,232.527405,5805800,Buy
15/06/2021,234.440002,234.800003,232.619995,232.979996,231.434692,7093800,Buy
16/06/2021,233.619995,234.179993,228,229.600006,228.077118,8905400,Buy
17/06/2021,229.210007,233.339996,229.210007,232.149994,230.610199,6876700,Sell
18/06/2021,230.449997,232.179993,229.220001,230.410004,228.881729,8840000,Buy
21/06/2021,231.449997,235.009995,230.399994,234.320007,232.765808,7298400,Sell
22/06/2021,234.300003,236.089996,233.240005,235.929993,234.365128,8858400,Sell
23/06/2021,235.449997,235.919998,233.940002,234.679993,233.123413,6814700,Buy
24/06/2021,237,238.25,235.410004,236.240005,234.67308,4611500,Buy
25/06/2021,236.399994,238.479996,236.320007,237.320007,235.745926,7825200,Sell
28/06/2021,238,238.369995,231.860001,234.089996,232.537338,9301700,Buy
29/06/2021,234.570007,236.520004,234.149994,235.949997,234.384995,11897700,Sell
30/06/2021,235.110001,236.399994,233.820007,233.820007,232.269135,7797100,Buy
01/07/2021,234.199997,236.25,234.050003,235.149994,233.590302,5329600,Sell
02/07/2021,235.830002,238.779999,235.820007,238.630005,237.047226,4383700,Sell
06/07/2021,239.5,240.610001,237.210007,239.600006,238.010788,8048700,Sell
07/07/2021,240.259995,241.039993,238.300003,240,238.408142,4366100,Buy
08/07/2021,236.970001,237.070007,234.550003,236.610001,235.040604,6388000,Buy
09/07/2021,238.759995,239.449997,237.419998,238.470001,236.88829,5615900,Buy
12/07/2021,237.580002,238.509995,237.270004,237.869995,236.292267,7010700,Sell
13/07/2021,238.25,242.479996,238.25,242.350006,240.742554,8079200,Sell
14/07/2021,243.220001,246.809998,242.820007,245.990005,244.358398,8693400,Sell
15/07/2021,245.309998,248.800003,245.309998,248.550003,246.901428,10135100,Sell
16/07/2021,249.990005,250.460007,247.520004,248.119995,246.474274,8674500,Buy
19/07/2021,243.990005,244.449997,238.899994,240.410004,238.815414,11474600,Buy
20/07/2021,240.639999,244.210007,239.509995,242.699997,241.090225,7072300,Sell
21/07/2021,243.289993,246.899994,242.300003,243.660004,242.043869,11241400,Sell
22/07/2021,243.779999,245.350006,243.149994,244.139999,242.520676,10293600,Sell
23/07/2021,246.759995,250.009995,246.759995,249.020004,247.368301,6766000,Sell
26/07/2021,249.210007,250.360001,247.699997,250.25,248.590134,4879000,Sell
27/07/2021,249.190002,252.669998,248.220001,250.929993,249.265625,7038300,Sell
28/07/2021,250.050003,251.5,245.910004,246.940002,245.302094,9036500,Buy
29/07/2021,248.110001,250.380005,247.100006,247.919998,246.275604,7495300,Buy
30/07/2021,247.210007,248.460007,246,246.389999,244.755737,5804700,Buy
02/08/2021,246.240005,247.830002,238.369995,239.779999,238.189575,9989500,Buy
03/08/2021,240.630005,241.389999,234.029999,237.089996,235.517426,9839000,Buy
04/08/2021,237,237.550003,235.050003,236.669998,235.100235,8171800,Buy
05/08/2021,236.610001,240.25,236.429993,240.210007,238.61676,5337500,Sell
06/08/2021,240,242.600006,239.860001,241.399994,239.798843,4509700,Sell
09/08/2021,241.75,242.179993,238.050003,240,238.408142,5226900,Buy
10/08/2021,240.509995,241.339996,235.559998,238.070007,236.490952,7185700,Buy
11/08/2021,238.080002,238.360001,234.580002,235.059998,233.500885,7375700,Buy
12/08/2021,233.889999,234.110001,231.020004,231.789993,230.566467,9867000,Buy
13/08/2021,232,233.270004,231.399994,232.649994,231.421936,5445400,Sell
16/08/2021,232.210007,235.479996,230.199997,235.360001,234.11763,7575900,Sell
17/08/2021,235,235.669998,233.220001,234.529999,233.292007,6850500,Buy
18/08/2021,233.919998,234.350006,231.470001,231.630005,230.407318,4996500,Buy
19/08/2021,229.039993,232.429993,228.899994,231.570007,230.347656,5761300,Sell
20/08/2021,231.869995,232.160004,230.300003,231.360001,230.138748,5522200,Buy
23/08/2021,232.699997,234.649994,232,234.139999,232.904068,6342000,Sell
24/08/2021,235.039993,236.190002,233.949997,234.240005,233.00354,5081800,Buy
25/08/2021,235,235,232.080002,232.589996,231.362259,5277100,Buy
26/08/2021,232.130005,232.630005,230.149994,230.520004,229.303192,5889100,Buy
27/08/2021,231.020004,233.050003,230.229996,232.690002,231.461716,6369000,Sell
30/08/2021,232.690002,233.669998,229.919998,231.229996,230.00943,6448000,Buy
31/08/2021,230.910004,231.839996,228.660004,229.100006,227.890671,9405100,Buy
01/09/2021,229.100006,230.779999,228.770004,230.119995,228.905289,8177600,Sell
02/09/2021,230.429993,230.550003,221.960007,224.179993,222.996643,19708800,Buy
03/09/2021,224,227.300003,223.350006,225.110001,223.921738,11532000,Sell
07/09/2021,226.740005,228,225.860001,226.270004,225.075623,9662600,Buy
08/09/2021,227.380005,230.220001,227.039993,229.089996,227.880737,10652600,Sell
09/09/2021,229.309998,230,227.100006,227.490005,226.289185,5853000,Buy
10/09/2021,229.850006,230.039993,224.820007,224.910004,223.722809,6715400,Buy
13/09/2021,225.529999,227.199997,223.410004,224.630005,223.444275,6808100,Buy
14/09/2021,225,225.809998,222.279999,223.029999,221.852722,6575700,Buy
15/09/2021,222.520004,224.839996,221.360001,223.809998,222.628601,6535800,Sell
16/09/2021,223.860001,225.199997,222.75,224.330002,223.145844,5928500,Sell
17/09/2021,222.449997,223.699997,219.300003,221.75,220.579468,13787400,Buy
20/09/2021,216.960007,220.5,216.309998,220.050003,218.888443,8822600,Sell
21/09/2021,220.75,222.169998,218.979996,220.169998,219.007813,7033600,Buy
22/09/2021,221.399994,224.100006,221.100006,222.75,221.574188,6005900,Sell
23/09/2021,225,228.699997,224.360001,228.309998,227.104858,7952700,Sell
24/09/2021,228.929993,231.949997,228.619995,231.589996,230.367523,6461200,Sell
27/09/2021,231.720001,233.330002,228.770004,229.600006,228.388031,6881100,Buy
28/09/2021,228.869995,228.869995,224,225.559998,224.369354,6951400,Buy
29/09/2021,226.800003,229.020004,226.089996,226.679993,225.483444,6432700,Buy
30/09/2021,227.580002,228.789993,222.630005,222.75,221.574188,7128500,Buy
01/10/2021,224.169998,231.559998,223.470001,230.460007,229.2435,7925400,Sell
04/10/2021,230,230.330002,220.809998,224.729996,223.543732,10283400,Buy
05/10/2021,225.479996,227.380005,223.919998,224.279999,223.096115,5814000,Buy
06/10/2021,222.039993,226.619995,221.25,226.509995,225.314346,5420900,Sell
07/10/2021,228.910004,231.160004,228.490005,230.550003,229.333023,6561900,Sell
08/10/2021,231,232.729996,230.179993,230.270004,229.054504,3735200,Buy
11/10/2021,230.009995,230.320007,224.869995,225.110001,223.921738,5620200,Buy
12/10/2021,225.559998,226.220001,222.919998,224.050003,222.86734,5448200,Buy
13/10/2021,223.130005,225.860001,218.630005,222.460007,221.285721,9076000,Buy
14/10/2021,224.119995,225.649994,223.059998,225.179993,223.991364,5590500,Sell
15/10/2021,227.220001,231.089996,226.729996,230.990005,229.770706,6355100,Sell
18/10/2021,230.179993,232.759995,228.139999,230.649994,229.43248,5580200,Sell
19/10/2021,231.949997,233.639999,230.679993,233.520004,232.287354,4409700,Sell
20/10/2021,233.460007,233.800003,231.309998,231.419998,230.198425,5401800,Buy
21/10/2021,230.699997,230.830002,226.300003,230.240005,229.024658,5982200,Buy
22/10/2021,230.289993,232.820007,228.710007,231.229996,230.00943,3788000,Sell
25/10/2021,233.449997,234.860001,232.289993,233.880005,232.645447,4938700,Sell
26/10/2021,235.529999,236.960007,231.330002,231.820007,230.596329,7814500,Buy
27/10/2021,224.75,224.75,215.660004,215.779999,214.640976,22958100,Buy
28/10/2021,219.25,219.990005,209.009995,209.839996,208.73233,23199400,Buy
29/10/2021,209.210007,213.669998,208.539993,211.770004,210.652145,14329800,Sell
01/11/2021,213.490005,215.25,211.449997,212.460007,211.338516,13210300,Buy
02/11/2021,213.160004,213.350006,207.820007,209.139999,208.036026,14688700,Buy
03/11/2021,209.690002,210.149994,206.729996,208.100006,207.001526,11486700,Buy
04/11/2021,209.160004,212.360001,207.869995,208.779999,207.677933,11368200,Buy
05/11/2021,211.949997,217.630005,211.360001,216.669998,215.526291,14273600,Sell
08/11/2021,218.369995,221.610001,218.149994,220.490005,219.326126,13500100,Sell
09/11/2021,219.690002,220.410004,212.919998,213.389999,212.263596,11535000,Buy
10/11/2021,213.550003,216.949997,213.330002,215.559998,214.799622,10063600,Sell
11/11/2021,216.470001,216.779999,210.160004,210.419998,209.67775,13546900,Buy
12/11/2021,211.5,213.580002,211.429993,212.089996,211.341858,7660500,Sell
15/11/2021,213.619995,216.399994,211.809998,212.300003,211.551132,9596900,Buy
16/11/2021,212.160004,215.649994,211.660004,215.179993,214.420944,8719600,Sell
17/11/2021,205.949997,207.309998,199.460007,205.059998,204.33667,38379600,Buy
18/11/2021,206.5,207.869995,201.270004,203.330002,202.612762,18292200,Buy
19/11/2021,202.039993,203.5,199.850006,200.860001,200.151474,18032600,Buy
22/11/2021,200,201.699997,194.600006,195.580002,194.890106,21185800,Buy
23/11/2021,196.970001,198.919998,194.380005,198.490005,197.789841,14742700,Sell
24/11/2021,198.169998,203.949997,197.639999,203.25,202.533035,12026800,Sell
26/11/2021,193.320007,199.190002,192.550003,197.649994,196.952789,10987600,Sell
29/11/2021,201,201.25,195.360001,196.289993,195.59758,14633500,Buy
30/11/2021,195.270004,197.660004,192.559998,193.770004,193.086487,16023000,Buy
01/12/2021,196.029999,196.809998,190.100006,190.160004,189.489227,13204900,Buy
02/12/2021,192,199.440002,191.850006,198.289993,197.59053,13976300,Sell
03/12/2021,198.270004,198.470001,194.039993,196.320007,195.627502,10660500,Buy
06/12/2021,198.770004,204.220001,197.740005,202.679993,201.965042,10722100,Sell
07/12/2021,206,207.940002,205.889999,207.369995,206.638504,11897200,Sell
08/12/2021,207.660004,209.479996,205.710007,208.990005,208.252792,11749200,Sell
09/12/2021,208.520004,212.199997,207.169998,211.389999,210.644333,10176800,Sell
10/12/2021,211.899994,214.25,210.860001,213.399994,212.647232,8882700,Sell
13/12/2021,212.449997,213.320007,209.979996,211.020004,210.275635,8844300,Buy
14/12/2021,210.729996,213.369995,208.449997,209.979996,209.239304,9832300,Buy
15/12/2021,209.399994,212.490005,207.860001,212.309998,211.561081,10892500,Sell
16/12/2021,215.289993,216.270004,211.610001,214.369995,213.6138,8548400,Buy
17/12/2021,212.800003,213.210007,207.789993,211.880005,211.132614,11578400,Buy
20/12/2021,209.089996,209.770004,206.860001,208.740005,208.003693,9434400,Buy
21/12/2021,210.610001,216.160004,210.360001,215.380005,214.620255,6993700,Sell
22/12/2021,213.850006,218.940002,213.850006,217.960007,217.191162,6003400,Sell
23/12/2021,218.440002,218.520004,216.619995,216.619995,215.855881,4798200,Buy
27/12/2021,217.679993,218.119995,214.880005,217.630005,216.86232,4818400,Buy
28/12/2021,216.009995,219.729996,215.580002,218.050003,217.280838,4279800,Sell
29/12/2021,217.759995,218.940002,217.330002,218.169998,217.400406,3223100,Sell
30/12/2021,217.970001,219.149994,217.149994,217.869995,217.101471,3812800,Buy
